,ds,y,unique_id
0,2024-02-06 14:00:00,55.2,1
1,2024-02-06 15:00:00,65.60000000000001,1
2,2024-02-06 16:00:00,80.0,1
3,2024-02-06 17:00:00,63.2,1
4,2024-02-06 18:00:00,60.8,1
5,2024-02-06 19:00:00,64.8,1
6,2024-02-06 20:00:00,142.4,1
7,2024-02-06 21:00:00,8.0,1
8,2024-02-06 22:00:00,8.0,1
9,2024-02-06 23:00:00,8.0,1
10,2024-02-07 00:00:00,8.0,1
11,2024-02-07 01:00:00,0.0,1
12,2024-02-07 02:00:00,0.0,1
13,2024-02-07 03:00:00,0.0,1
14,2024-02-07 04:00:00,0.0,1
15,2024-02-07 05:00:00,0.0,1
16,2024-02-07 06:00:00,0.0,1
17,2024-02-07 07:00:00,0.0,1
18,2024-02-07 08:00:00,0.0,1
19,2024-02-07 09:00:00,4420.0,1
20,2024-02-07 10:00:00,8.8,1
21,2024-02-07 11:00:00,8.0,1
22,2024-02-07 12:00:00,8.0,1
23,2024-02-07 13:00:00,8.0,1
24,2024-02-07 14:00:00,623.2,1
25,2024-02-07 15:00:00,72.8,1
26,2024-02-07 16:00:00,108.0,1
27,2024-02-07 17:00:00,64.0,1
28,2024-02-07 18:00:00,126.4,1
29,2024-02-07 19:00:00,60.8,1
30,2024-02-07 20:00:00,156.0,1
31,2024-02-07 21:00:00,8.0,1
32,2024-02-07 22:00:00,8.0,1
33,2024-02-07 23:00:00,8.0,1
34,2024-02-08 00:00:00,8.0,1
35,2024-02-08 01:00:00,0.0,1
36,2024-02-08 02:00:00,0.0,1
37,2024-02-08 03:00:00,0.0,1
38,2024-02-08 04:00:00,0.0,1
39,2024-02-08 05:00:00,0.0,1
40,2024-02-08 06:00:00,0.0,1
41,2024-02-08 07:00:00,0.0,1
42,2024-02-08 08:00:00,0.0,1
43,2024-02-08 09:00:00,4430.400000000001,1
44,2024-02-08 10:00:00,8.8,1
45,2024-02-08 11:00:00,8.8,1
46,2024-02-08 12:00:00,8.8,1
47,2024-02-08 13:00:00,8.0,1
48,2024-02-08 14:00:00,680.0,1
49,2024-02-08 15:00:00,132.0,1
50,2024-02-08 16:00:00,150.4,1
51,2024-02-08 17:00:00,59.2,1
52,2024-02-08 18:00:00,140.0,1
53,2024-02-08 19:00:00,199.2,1
54,2024-02-08 20:00:00,220.0,1
55,2024-02-08 21:00:00,8.8,1
56,2024-02-08 22:00:00,8.0,1
57,2024-02-08 23:00:00,8.0,1
58,2024-02-09 00:00:00,8.0,1
59,2024-02-09 01:00:00,0.0,1
60,2024-02-09 02:00:00,0.0,1
61,2024-02-09 03:00:00,0.0,1
62,2024-02-09 04:00:00,0.0,1
63,2024-02-09 05:00:00,0.0,1
64,2024-02-09 06:00:00,0.0,1
65,2024-02-09 07:00:00,0.0,1
66,2024-02-09 08:00:00,0.0,1
67,2024-02-09 09:00:00,4423.2,1
68,2024-02-09 10:00:00,9.6,1
69,2024-02-09 11:00:00,8.0,1
70,2024-02-09 12:00:00,8.0,1
71,2024-02-09 13:00:00,8.0,1
72,2024-02-09 14:00:00,672.8000000000001,1
73,2024-02-09 15:00:00,72.8,1
74,2024-02-09 16:00:00,68.8,1
75,2024-02-09 17:00:00,52.8,1
76,2024-02-09 18:00:00,98.4,1
77,2024-02-09 19:00:00,91.2,1
78,2024-02-09 20:00:00,259.2,1
79,2024-02-09 21:00:00,8.0,1
80,2024-02-09 22:00:00,8.0,1
81,2024-02-09 23:00:00,8.0,1
82,2024-02-10 00:00:00,8.0,1
83,2024-02-10 01:00:00,0.0,1
84,2024-02-10 02:00:00,0.0,1
85,2024-02-10 03:00:00,0.0,1
86,2024-02-10 04:00:00,0.0,1
87,2024-02-10 05:00:00,0.0,1
88,2024-02-10 06:00:00,0.0,1
89,2024-02-10 07:00:00,0.0,1
90,2024-02-10 08:00:00,0.0,1
91,2024-02-10 09:00:00,0.0,1
92,2024-02-10 10:00:00,0.0,1
93,2024-02-10 11:00:00,0.0,1
94,2024-02-10 12:00:00,0.0,1
95,2024-02-10 13:00:00,0.0,1
96,2024-02-10 14:00:00,0.0,1
97,2024-02-10 15:00:00,0.0,1
98,2024-02-10 16:00:00,0.0,1
99,2024-02-10 17:00:00,0.0,1
100,2024-02-10 18:00:00,0.0,1
101,2024-02-10 19:00:00,0.0,1
102,2024-02-10 20:00:00,0.0,1
103,2024-02-10 21:00:00,0.0,1
104,2024-02-10 22:00:00,0.0,1
105,2024-02-10 23:00:00,0.0,1
106,2024-02-11 00:00:00,0.0,1
107,2024-02-11 01:00:00,0.0,1
108,2024-02-11 02:00:00,0.0,1
109,2024-02-11 03:00:00,0.0,1
110,2024-02-11 04:00:00,0.0,1
111,2024-02-11 05:00:00,0.0,1
112,2024-02-11 06:00:00,0.0,1
113,2024-02-11 07:00:00,0.0,1
114,2024-02-11 08:00:00,0.0,1
115,2024-02-11 09:00:00,0.0,1
116,2024-02-11 10:00:00,0.0,1
117,2024-02-11 11:00:00,0.0,1
118,2024-02-11 12:00:00,0.0,1
119,2024-02-11 13:00:00,0.0,1
120,2024-02-11 14:00:00,0.0,1
121,2024-02-11 15:00:00,0.0,1
122,2024-02-11 16:00:00,0.0,1
123,2024-02-11 17:00:00,0.0,1
124,2024-02-11 18:00:00,0.0,1
125,2024-02-11 19:00:00,0.0,1
126,2024-02-11 20:00:00,0.0,1
127,2024-02-11 21:00:00,0.0,1
128,2024-02-11 22:00:00,0.0,1
129,2024-02-11 23:00:00,0.0,1
130,2024-02-12 00:00:00,0.0,1
131,2024-02-12 01:00:00,0.0,1
132,2024-02-12 02:00:00,0.0,1
133,2024-02-12 03:00:00,0.0,1
134,2024-02-12 04:00:00,0.0,1
135,2024-02-12 05:00:00,0.0,1
136,2024-02-12 06:00:00,0.0,1
137,2024-02-12 07:00:00,0.0,1
138,2024-02-12 08:00:00,0.0,1
139,2024-02-12 09:00:00,4421.6,1
140,2024-02-12 10:00:00,10.4,1
141,2024-02-12 11:00:00,8.0,1
142,2024-02-12 12:00:00,8.0,1
143,2024-02-12 13:00:00,8.0,1
144,2024-02-12 14:00:00,1480.0,1
145,2024-02-12 15:00:00,78.4,1
146,2024-02-12 16:00:00,76.80000000000001,1
147,2024-02-12 17:00:00,60.8,1
148,2024-02-12 18:00:00,73.60000000000001,1
149,2024-02-12 19:00:00,78.4,1
150,2024-02-12 20:00:00,118.4,1
151,2024-02-12 21:00:00,9.6,1
152,2024-02-12 22:00:00,8.0,1
153,2024-02-12 23:00:00,8.0,1
154,2024-02-13 00:00:00,8.0,1
155,2024-02-13 01:00:00,0.0,1
156,2024-02-13 02:00:00,0.0,1
157,2024-02-13 03:00:00,0.0,1
158,2024-02-13 04:00:00,0.0,1
159,2024-02-13 05:00:00,0.0,1
160,2024-02-13 06:00:00,0.0,1
161,2024-02-13 07:00:00,0.0,1
162,2024-02-13 08:00:00,0.0,1
163,2024-02-13 09:00:00,4420.8,1
164,2024-02-13 10:00:00,8.8,1
165,2024-02-13 11:00:00,8.0,1
166,2024-02-13 12:00:00,8.0,1
167,2024-02-13 13:00:00,8.0,1
168,2024-02-13 14:00:00,1039.2,1
169,2024-02-13 15:00:00,119.2,1
170,2024-02-13 16:00:00,108.8,1
171,2024-02-13 17:00:00,65.60000000000001,1
172,2024-02-13 18:00:00,111.2,1
173,2024-02-13 19:00:00,115.2,1
174,2024-02-13 20:00:00,154.4,1
175,2024-02-13 21:00:00,8.0,1
176,2024-02-13 22:00:00,8.0,1
177,2024-02-13 23:00:00,8.0,1
178,2024-02-14 00:00:00,8.0,1
179,2024-02-14 01:00:00,0.0,1
180,2024-02-14 02:00:00,0.0,1
181,2024-02-14 03:00:00,0.0,1
182,2024-02-14 04:00:00,0.0,1
183,2024-02-14 05:00:00,0.0,1
184,2024-02-14 06:00:00,0.0,1
185,2024-02-14 07:00:00,0.0,1
186,2024-02-14 08:00:00,0.0,1
187,2024-02-14 09:00:00,4421.6,1
188,2024-02-14 10:00:00,8.0,1
189,2024-02-14 11:00:00,8.0,1
190,2024-02-14 12:00:00,8.0,1
191,2024-02-14 13:00:00,8.0,1
192,2024-02-14 14:00:00,620.0,1
193,2024-02-14 15:00:00,70.4,1
194,2024-02-14 16:00:00,106.4,1
195,2024-02-14 17:00:00,52.0,1
196,2024-02-14 18:00:00,108.0,1
197,2024-02-14 19:00:00,77.60000000000001,1
198,2024-02-14 20:00:00,153.60000000000002,1
199,2024-02-14 21:00:00,8.8,1
200,2024-02-14 22:00:00,8.0,1
201,2024-02-14 23:00:00,8.0,1
202,2024-02-15 00:00:00,8.0,1
203,2024-02-15 01:00:00,0.0,1
204,2024-02-15 02:00:00,0.0,1
205,2024-02-15 03:00:00,0.0,1
206,2024-02-15 04:00:00,0.0,1
207,2024-02-15 05:00:00,0.0,1
208,2024-02-15 06:00:00,0.0,1
209,2024-02-15 07:00:00,0.0,1
210,2024-02-15 08:00:00,0.0,1
211,2024-02-15 09:00:00,4424.8,1
212,2024-02-15 10:00:00,9.6,1
213,2024-02-15 11:00:00,8.8,1
214,2024-02-15 12:00:00,8.0,1
215,2024-02-15 13:00:00,8.0,1
216,2024-02-15 14:00:00,607.2,1
217,2024-02-15 15:00:00,98.4,1
218,2024-02-15 16:00:00,69.60000000000001,1
219,2024-02-15 17:00:00,60.0,1
220,2024-02-15 18:00:00,64.8,1
221,2024-02-15 19:00:00,71.2,1
222,2024-02-15 20:00:00,202.4,1
223,2024-02-15 21:00:00,8.0,1
224,2024-02-15 22:00:00,8.0,1
225,2024-02-15 23:00:00,8.0,1
226,2024-02-16 00:00:00,8.0,1
227,2024-02-16 01:00:00,0.0,1
228,2024-02-16 02:00:00,0.0,1
229,2024-02-16 03:00:00,0.0,1
230,2024-02-16 04:00:00,0.0,1
231,2024-02-16 05:00:00,0.0,1
232,2024-02-16 06:00:00,0.0,1
233,2024-02-16 07:00:00,0.0,1
234,2024-02-16 08:00:00,0.0,1
235,2024-02-16 09:00:00,4424.8,1
236,2024-02-16 10:00:00,9.6,1
237,2024-02-16 11:00:00,8.0,1
238,2024-02-16 12:00:00,8.0,1
239,2024-02-16 13:00:00,8.0,1
240,2024-02-16 14:00:00,727.2,1
241,2024-02-16 15:00:00,101.6,1
242,2024-02-16 16:00:00,69.60000000000001,1
243,2024-02-16 17:00:00,69.60000000000001,1
244,2024-02-16 18:00:00,75.2,1
245,2024-02-16 19:00:00,108.0,1
246,2024-02-16 20:00:00,196.8,1
247,2024-02-16 21:00:00,8.0,1
248,2024-02-16 22:00:00,8.0,1
249,2024-02-16 23:00:00,8.0,1
250,2024-02-17 00:00:00,8.0,1
251,2024-02-17 01:00:00,0.0,1
252,2024-02-17 02:00:00,0.0,1
253,2024-02-17 03:00:00,0.0,1
254,2024-02-17 04:00:00,0.0,1
255,2024-02-17 05:00:00,0.0,1
256,2024-02-17 06:00:00,0.0,1
257,2024-02-17 07:00:00,0.0,1
258,2024-02-17 08:00:00,0.0,1
259,2024-02-17 09:00:00,0.0,1
260,2024-02-17 10:00:00,0.0,1
261,2024-02-17 11:00:00,0.0,1
262,2024-02-17 12:00:00,0.0,1
263,2024-02-17 13:00:00,0.0,1
264,2024-02-17 14:00:00,0.0,1
265,2024-02-17 15:00:00,0.0,1
266,2024-02-17 16:00:00,0.0,1
267,2024-02-17 17:00:00,0.0,1
268,2024-02-17 18:00:00,0.0,1
269,2024-02-17 19:00:00,0.0,1
270,2024-02-17 20:00:00,0.0,1
271,2024-02-17 21:00:00,0.0,1
272,2024-02-17 22:00:00,0.0,1
273,2024-02-17 23:00:00,0.0,1
274,2024-02-18 00:00:00,0.0,1
275,2024-02-18 01:00:00,0.0,1
276,2024-02-18 02:00:00,0.0,1
277,2024-02-18 03:00:00,0.0,1
278,2024-02-18 04:00:00,0.0,1
279,2024-02-18 05:00:00,0.0,1
280,2024-02-18 06:00:00,0.0,1
281,2024-02-18 07:00:00,0.0,1
282,2024-02-18 08:00:00,0.0,1
283,2024-02-18 09:00:00,0.0,1
284,2024-02-18 10:00:00,0.0,1
285,2024-02-18 11:00:00,0.0,1
286,2024-02-18 12:00:00,0.0,1
287,2024-02-18 13:00:00,0.0,1
288,2024-02-18 14:00:00,0.0,1
289,2024-02-18 15:00:00,0.0,1
290,2024-02-18 16:00:00,0.0,1
291,2024-02-18 17:00:00,0.0,1
292,2024-02-18 18:00:00,0.0,1
293,2024-02-18 19:00:00,0.0,1
294,2024-02-18 20:00:00,0.0,1
295,2024-02-18 21:00:00,0.0,1
296,2024-02-18 22:00:00,0.0,1
297,2024-02-18 23:00:00,0.0,1
298,2024-02-19 00:00:00,0.0,1
299,2024-02-19 01:00:00,0.0,1
300,2024-02-19 02:00:00,0.0,1
301,2024-02-19 03:00:00,0.0,1
302,2024-02-19 04:00:00,0.0,1
303,2024-02-19 05:00:00,0.0,1
304,2024-02-19 06:00:00,0.0,1
305,2024-02-19 07:00:00,0.0,1
306,2024-02-19 08:00:00,0.0,1
307,2024-02-19 09:00:00,0.0,1
308,2024-02-19 10:00:00,0.0,1
309,2024-02-19 11:00:00,0.0,1
310,2024-02-19 12:00:00,0.0,1
311,2024-02-19 13:00:00,0.0,1
312,2024-02-19 14:00:00,0.0,1
313,2024-02-19 15:00:00,0.0,1
314,2024-02-19 16:00:00,0.0,1
315,2024-02-19 17:00:00,0.0,1
316,2024-02-19 18:00:00,0.0,1
317,2024-02-19 19:00:00,0.0,1
318,2024-02-19 20:00:00,0.0,1
319,2024-02-19 21:00:00,0.0,1
320,2024-02-19 22:00:00,0.0,1
321,2024-02-19 23:00:00,0.0,1
322,2024-02-20 00:00:00,0.0,1
323,2024-02-20 01:00:00,0.0,1
324,2024-02-20 02:00:00,0.0,1
325,2024-02-20 03:00:00,0.0,1
326,2024-02-20 04:00:00,0.0,1
327,2024-02-20 05:00:00,0.0,1
328,2024-02-20 06:00:00,0.0,1
329,2024-02-20 07:00:00,0.0,1
330,2024-02-20 08:00:00,0.0,1
331,2024-02-20 09:00:00,4424.0,1
332,2024-02-20 10:00:00,8.8,1
333,2024-02-20 11:00:00,8.0,1
334,2024-02-20 12:00:00,8.0,1
335,2024-02-20 13:00:00,8.0,1
336,2024-02-20 14:00:00,1418.4,1
337,2024-02-20 15:00:00,93.6,1
338,2024-02-20 16:00:00,72.0,1
339,2024-02-20 17:00:00,82.4,1
340,2024-02-20 18:00:00,85.60000000000001,1
341,2024-02-20 19:00:00,84.80000000000001,1
342,2024-02-20 20:00:00,136.8,1
343,2024-02-20 21:00:00,8.0,1
344,2024-02-20 22:00:00,8.0,1
345,2024-02-20 23:00:00,8.0,1
346,2024-02-21 00:00:00,8.0,1
347,2024-02-21 01:00:00,0.0,1
348,2024-02-21 02:00:00,0.0,1
349,2024-02-21 03:00:00,0.0,1
350,2024-02-21 04:00:00,0.0,1
351,2024-02-21 05:00:00,0.0,1
352,2024-02-21 06:00:00,0.0,1
353,2024-02-21 07:00:00,0.0,1
354,2024-02-21 08:00:00,0.0,1
355,2024-02-21 09:00:00,4424.0,1
356,2024-02-21 10:00:00,8.8,1
357,2024-02-21 11:00:00,8.0,1
358,2024-02-21 12:00:00,8.8,1
359,2024-02-21 13:00:00,8.0,1
360,2024-02-21 14:00:00,694.4000000000001,1
361,2024-02-21 15:00:00,77.60000000000001,1
362,2024-02-21 16:00:00,70.4,1
363,2024-02-21 17:00:00,136.8,1
364,2024-02-21 18:00:00,223.2,1
365,2024-02-21 19:00:00,112.8,1
366,2024-02-21 20:00:00,143.20000000000002,1
367,2024-02-21 21:00:00,8.0,1
368,2024-02-21 22:00:00,8.0,1
369,2024-02-21 23:00:00,8.0,1
370,2024-02-22 00:00:00,8.0,1
371,2024-02-22 01:00:00,0.0,1
372,2024-02-22 02:00:00,0.0,1
373,2024-02-22 03:00:00,0.0,1
374,2024-02-22 04:00:00,0.0,1
375,2024-02-22 05:00:00,0.0,1
376,2024-02-22 06:00:00,0.0,1
377,2024-02-22 07:00:00,0.0,1
378,2024-02-22 08:00:00,0.0,1
379,2024-02-22 09:00:00,4426.400000000001,1
380,2024-02-22 10:00:00,8.8,1
381,2024-02-22 11:00:00,8.0,1
382,2024-02-22 12:00:00,8.8,1
383,2024-02-22 13:00:00,8.0,1
384,2024-02-22 14:00:00,605.6,1
385,2024-02-22 15:00:00,167.20000000000002,1
386,2024-02-22 16:00:00,76.0,1
387,2024-02-22 17:00:00,55.2,1
388,2024-02-22 18:00:00,104.0,1
389,2024-02-22 19:00:00,109.6,1
390,2024-02-22 20:00:00,136.0,1
391,2024-02-22 21:00:00,8.0,1
392,2024-02-22 22:00:00,8.0,1
393,2024-02-22 23:00:00,8.0,1
394,2024-02-23 00:00:00,8.0,1
395,2024-02-23 01:00:00,0.0,1
396,2024-02-23 02:00:00,0.0,1
397,2024-02-23 03:00:00,0.0,1
398,2024-02-23 04:00:00,0.0,1
399,2024-02-23 05:00:00,0.0,1
400,2024-02-23 06:00:00,0.0,1
401,2024-02-23 07:00:00,0.0,1
402,2024-02-23 08:00:00,0.0,1
403,2024-02-23 09:00:00,4425.6,1
404,2024-02-23 10:00:00,8.8,1
405,2024-02-23 11:00:00,8.8,1
406,2024-02-23 12:00:00,8.8,1
407,2024-02-23 13:00:00,8.0,1
408,2024-02-23 14:00:00,638.4000000000001,1
409,2024-02-23 15:00:00,70.4,1
410,2024-02-23 16:00:00,107.2,1
411,2024-02-23 17:00:00,66.4,1
412,2024-02-23 18:00:00,90.4,1
413,2024-02-23 19:00:00,76.0,1
414,2024-02-23 20:00:00,156.0,1
415,2024-02-23 21:00:00,8.8,1
416,2024-02-23 22:00:00,8.0,1
417,2024-02-23 23:00:00,8.0,1
418,2024-02-24 00:00:00,8.0,1
419,2024-02-24 01:00:00,0.0,1
420,2024-02-24 02:00:00,0.0,1
421,2024-02-24 03:00:00,0.0,1
422,2024-02-24 04:00:00,0.0,1
423,2024-02-24 05:00:00,0.0,1
424,2024-02-24 06:00:00,0.0,1
425,2024-02-24 07:00:00,0.0,1
426,2024-02-24 08:00:00,0.0,1
427,2024-02-24 09:00:00,0.0,1
428,2024-02-24 10:00:00,0.0,1
429,2024-02-24 11:00:00,0.0,1
430,2024-02-24 12:00:00,8.0,1
431,2024-02-24 13:00:00,4425.6,1
432,2024-02-24 14:00:00,8.0,1
433,2024-02-24 15:00:00,8.0,1
434,2024-02-24 16:00:00,3946.4,1
435,2024-02-24 17:00:00,8.0,1
436,2024-02-24 18:00:00,4364.8,1
437,2024-02-24 19:00:00,8.0,1
438,2024-02-24 20:00:00,8.8,1
439,2024-02-24 21:00:00,8.8,1
440,2024-02-24 22:00:00,0.0,1
441,2024-02-24 23:00:00,0.0,1
442,2024-02-25 00:00:00,0.0,1
443,2024-02-25 01:00:00,0.0,1
444,2024-02-25 02:00:00,0.0,1
445,2024-02-25 03:00:00,0.0,1
446,2024-02-25 04:00:00,0.0,1
447,2024-02-25 05:00:00,0.0,1
448,2024-02-25 06:00:00,0.0,1
449,2024-02-25 07:00:00,0.0,1
450,2024-02-25 08:00:00,0.0,1
451,2024-02-25 09:00:00,0.0,1
452,2024-02-25 10:00:00,0.0,1
453,2024-02-25 11:00:00,0.0,1
454,2024-02-25 12:00:00,0.0,1
455,2024-02-25 13:00:00,0.0,1
456,2024-02-25 14:00:00,0.0,1
457,2024-02-25 15:00:00,0.0,1
458,2024-02-25 16:00:00,0.0,1
459,2024-02-25 17:00:00,0.0,1
460,2024-02-25 18:00:00,0.0,1
461,2024-02-25 19:00:00,0.0,1
462,2024-02-25 20:00:00,0.0,1
463,2024-02-25 21:00:00,0.0,1
464,2024-02-25 22:00:00,0.0,1
465,2024-02-25 23:00:00,0.0,1
466,2024-02-26 00:00:00,0.0,1
467,2024-02-26 01:00:00,0.0,1
468,2024-02-26 02:00:00,0.0,1
469,2024-02-26 03:00:00,0.0,1
470,2024-02-26 04:00:00,0.0,1
471,2024-02-26 05:00:00,0.0,1
472,2024-02-26 06:00:00,0.0,1
473,2024-02-26 07:00:00,0.0,1
474,2024-02-26 08:00:00,0.0,1
475,2024-02-26 09:00:00,4381.6,1
476,2024-02-26 10:00:00,8.8,1
477,2024-02-26 11:00:00,8.8,1
478,2024-02-26 12:00:00,8.0,1
479,2024-02-26 13:00:00,8.0,1
480,2024-02-26 14:00:00,999.2,1
481,2024-02-26 15:00:00,112.0,1
482,2024-02-26 16:00:00,90.4,1
483,2024-02-26 17:00:00,121.6,1
484,2024-02-26 18:00:00,84.0,1
485,2024-02-26 19:00:00,76.80000000000001,1
486,2024-02-26 20:00:00,126.4,1
487,2024-02-26 21:00:00,9.6,1
488,2024-02-26 22:00:00,8.0,1
489,2024-02-26 23:00:00,8.0,1
490,2024-02-27 00:00:00,8.0,1
491,2024-02-27 01:00:00,0.0,1
492,2024-02-27 02:00:00,0.0,1
493,2024-02-27 03:00:00,0.0,1
494,2024-02-27 04:00:00,0.0,1
495,2024-02-27 05:00:00,0.0,1
496,2024-02-27 06:00:00,0.0,1
497,2024-02-27 07:00:00,0.0,1
498,2024-02-27 08:00:00,0.0,1
499,2024-02-27 09:00:00,4412.0,1
500,2024-02-27 10:00:00,10.4,1
501,2024-02-27 11:00:00,10.4,1
502,2024-02-27 12:00:00,8.8,1
503,2024-02-27 13:00:00,8.0,1
504,2024-02-27 14:00:00,674.4000000000001,1
505,2024-02-27 15:00:00,133.6,1
506,2024-02-27 16:00:00,103.2,1
507,2024-02-27 17:00:00,78.4,1
508,2024-02-27 18:00:00,82.4,1
509,2024-02-27 19:00:00,124.0,1
510,2024-02-27 20:00:00,162.4,1
511,2024-02-27 21:00:00,8.0,1
512,2024-02-27 22:00:00,8.0,1
513,2024-02-27 23:00:00,8.0,1
514,2024-02-28 00:00:00,8.0,1
515,2024-02-28 01:00:00,0.0,1
516,2024-02-28 02:00:00,0.0,1
517,2024-02-28 03:00:00,0.0,1
518,2024-02-28 04:00:00,0.0,1
519,2024-02-28 05:00:00,0.0,1
520,2024-02-28 06:00:00,0.0,1
521,2024-02-28 07:00:00,0.0,1
522,2024-02-28 08:00:00,0.0,1
523,2024-02-28 09:00:00,4420.8,1
524,2024-02-28 10:00:00,10.4,1
525,2024-02-28 11:00:00,8.0,1
526,2024-02-28 12:00:00,8.0,1
527,2024-02-28 13:00:00,8.0,1
528,2024-02-28 14:00:00,747.2,1
529,2024-02-28 15:00:00,77.60000000000001,1
530,2024-02-28 16:00:00,87.2,1
531,2024-02-28 17:00:00,116.0,1
532,2024-02-28 18:00:00,74.4,1
533,2024-02-28 19:00:00,111.2,1
534,2024-02-28 20:00:00,244.0,1
535,2024-02-28 21:00:00,8.0,1
536,2024-02-28 22:00:00,8.0,1
537,2024-02-28 23:00:00,8.0,1
538,2024-02-29 00:00:00,8.0,1
539,2024-02-29 01:00:00,0.0,1
540,2024-02-29 02:00:00,0.0,1
541,2024-02-29 03:00:00,0.0,1
542,2024-02-29 04:00:00,0.0,1
543,2024-02-29 05:00:00,0.0,1
544,2024-02-29 06:00:00,0.0,1
545,2024-02-29 07:00:00,0.0,1
546,2024-02-29 08:00:00,0.0,1
547,2024-02-29 09:00:00,4421.6,1
548,2024-02-29 10:00:00,8.8,1
549,2024-02-29 11:00:00,8.0,1
550,2024-02-29 12:00:00,8.8,1
551,2024-02-29 13:00:00,8.0,1
552,2024-02-29 14:00:00,678.4000000000001,1
553,2024-02-29 15:00:00,103.2,1
554,2024-02-29 16:00:00,92.8,1
555,2024-02-29 17:00:00,66.4,1
556,2024-02-29 18:00:00,80.0,1
557,2024-02-29 19:00:00,96.8,1
558,2024-02-29 20:00:00,432.8,1
559,2024-02-29 21:00:00,8.0,1
560,2024-02-29 22:00:00,8.0,1
561,2024-02-29 23:00:00,8.0,1
562,2024-03-01 00:00:00,8.0,1
563,2024-03-01 01:00:00,0.0,1
564,2024-03-01 02:00:00,0.0,1
565,2024-03-01 03:00:00,0.0,1
566,2024-03-01 04:00:00,0.0,1
567,2024-03-01 05:00:00,0.0,1
568,2024-03-01 06:00:00,0.0,1
569,2024-03-01 07:00:00,0.0,1
570,2024-03-01 08:00:00,0.0,1
571,2024-03-01 09:00:00,4422.400000000001,1
572,2024-03-01 10:00:00,9.6,1
573,2024-03-01 11:00:00,8.0,1
574,2024-03-01 12:00:00,8.0,1
575,2024-03-01 13:00:00,8.0,1
576,2024-03-01 14:00:00,738.4000000000001,1
577,2024-03-01 15:00:00,144.0,1
578,2024-03-01 16:00:00,113.6,1
579,2024-03-01 17:00:00,91.2,1
580,2024-03-01 18:00:00,80.0,1
581,2024-03-01 19:00:00,72.0,1
582,2024-03-01 20:00:00,136.8,1
583,2024-03-01 21:00:00,8.0,1
584,2024-03-01 22:00:00,8.0,1
585,2024-03-01 23:00:00,8.0,1
586,2024-03-02 00:00:00,8.0,1
587,2024-03-02 01:00:00,0.0,1
588,2024-03-02 02:00:00,0.0,1
589,2024-03-02 03:00:00,0.0,1
590,2024-03-02 04:00:00,0.0,1
591,2024-03-02 05:00:00,0.0,1
592,2024-03-02 06:00:00,0.0,1
593,2024-03-02 07:00:00,0.0,1
594,2024-03-02 08:00:00,0.0,1
595,2024-03-02 09:00:00,0.0,1
596,2024-03-02 10:00:00,0.0,1
597,2024-03-02 11:00:00,0.0,1
598,2024-03-02 12:00:00,0.0,1
599,2024-03-02 13:00:00,0.0,1
600,2024-03-02 14:00:00,0.0,1
601,2024-03-02 15:00:00,0.0,1
602,2024-03-02 16:00:00,0.0,1
603,2024-03-02 17:00:00,0.0,1
604,2024-03-02 18:00:00,0.0,1
605,2024-03-02 19:00:00,0.0,1
606,2024-03-02 20:00:00,0.0,1
607,2024-03-02 21:00:00,0.0,1
608,2024-03-02 22:00:00,0.0,1
609,2024-03-02 23:00:00,0.0,1
610,2024-03-03 00:00:00,0.0,1
611,2024-03-03 01:00:00,0.0,1
612,2024-03-03 02:00:00,0.0,1
613,2024-03-03 03:00:00,0.0,1
614,2024-03-03 04:00:00,0.0,1
615,2024-03-03 05:00:00,0.0,1
616,2024-03-03 06:00:00,0.0,1
617,2024-03-03 07:00:00,0.0,1
618,2024-03-03 08:00:00,0.0,1
619,2024-03-03 09:00:00,0.0,1
620,2024-03-03 10:00:00,0.0,1
621,2024-03-03 11:00:00,0.0,1
622,2024-03-03 12:00:00,0.0,1
623,2024-03-03 13:00:00,0.0,1
624,2024-03-03 14:00:00,0.0,1
625,2024-03-03 15:00:00,0.0,1
626,2024-03-03 16:00:00,0.0,1
627,2024-03-03 17:00:00,0.0,1
628,2024-03-03 18:00:00,0.0,1
629,2024-03-03 19:00:00,0.0,1
630,2024-03-03 20:00:00,0.0,1
631,2024-03-03 21:00:00,0.0,1
632,2024-03-03 22:00:00,0.0,1
633,2024-03-03 23:00:00,0.0,1
634,2024-03-04 00:00:00,0.0,1
635,2024-03-04 01:00:00,0.0,1
636,2024-03-04 02:00:00,0.0,1
637,2024-03-04 03:00:00,0.0,1
638,2024-03-04 04:00:00,0.0,1
639,2024-03-04 05:00:00,0.0,1
640,2024-03-04 06:00:00,0.0,1
641,2024-03-04 07:00:00,0.0,1
642,2024-03-04 08:00:00,0.0,1
643,2024-03-04 09:00:00,4420.8,1
644,2024-03-04 10:00:00,9.6,1
645,2024-03-04 11:00:00,8.0,1
646,2024-03-04 12:00:00,8.0,1
647,2024-03-04 13:00:00,8.0,1
648,2024-03-04 14:00:00,1587.2,1
649,2024-03-04 15:00:00,92.0,1
650,2024-03-04 16:00:00,105.6,1
651,2024-03-04 17:00:00,96.8,1
652,2024-03-04 18:00:00,75.2,1
653,2024-03-04 19:00:00,76.0,1
654,2024-03-04 20:00:00,168.8,1
655,2024-03-04 21:00:00,8.0,1
656,2024-03-04 22:00:00,8.0,1
657,2024-03-04 23:00:00,8.0,1
658,2024-03-05 00:00:00,8.0,1
659,2024-03-05 01:00:00,0.0,1
660,2024-03-05 02:00:00,0.0,1
661,2024-03-05 03:00:00,0.0,1
662,2024-03-05 04:00:00,0.0,1
663,2024-03-05 05:00:00,0.0,1
664,2024-03-05 06:00:00,0.0,1
665,2024-03-05 07:00:00,0.0,1
666,2024-03-05 08:00:00,0.0,1
667,2024-03-05 09:00:00,4420.8,1
668,2024-03-05 10:00:00,12.0,1
669,2024-03-05 11:00:00,8.0,1
670,2024-03-05 12:00:00,8.0,1
671,2024-03-05 13:00:00,8.0,1
672,2024-03-05 14:00:00,918.4,1
673,2024-03-05 15:00:00,133.6,1
674,2024-03-05 16:00:00,100.8,1
675,2024-03-05 17:00:00,72.8,1
676,2024-03-05 18:00:00,76.80000000000001,1
677,2024-03-05 19:00:00,112.8,1
678,2024-03-05 20:00:00,150.4,1
679,2024-03-05 21:00:00,8.0,1
680,2024-03-05 22:00:00,8.0,1
681,2024-03-05 23:00:00,8.0,1
682,2024-03-06 00:00:00,8.0,1
683,2024-03-06 01:00:00,0.0,1
684,2024-03-06 02:00:00,0.0,1
685,2024-03-06 03:00:00,0.0,1
686,2024-03-06 04:00:00,0.0,1
687,2024-03-06 05:00:00,0.0,1
688,2024-03-06 06:00:00,0.0,1
689,2024-03-06 07:00:00,0.0,1
690,2024-03-06 08:00:00,0.0,1
691,2024-03-06 09:00:00,4420.8,1
692,2024-03-06 10:00:00,8.8,1
693,2024-03-06 11:00:00,8.0,1
694,2024-03-06 12:00:00,8.0,1
695,2024-03-06 13:00:00,8.0,1
696,2024-03-06 14:00:00,628.8000000000001,1
697,2024-03-06 15:00:00,124.0,1
698,2024-03-06 16:00:00,99.2,1
699,2024-03-06 17:00:00,68.0,1
700,2024-03-06 18:00:00,108.0,1
701,2024-03-06 19:00:00,89.60000000000001,1
702,2024-03-06 20:00:00,160.8,1
703,2024-03-06 21:00:00,8.0,1
704,2024-03-06 22:00:00,8.0,1
705,2024-03-06 23:00:00,8.0,1
706,2024-03-07 00:00:00,8.0,1
707,2024-03-07 01:00:00,0.0,1
708,2024-03-07 02:00:00,0.0,1
709,2024-03-07 03:00:00,0.0,1
710,2024-03-07 04:00:00,0.0,1
711,2024-03-07 05:00:00,0.0,1
712,2024-03-07 06:00:00,0.0,1
713,2024-03-07 07:00:00,0.0,1
714,2024-03-07 08:00:00,0.0,1
715,2024-03-07 09:00:00,4420.0,1
716,2024-03-07 10:00:00,8.8,1
717,2024-03-07 11:00:00,8.0,1
718,2024-03-07 12:00:00,8.0,1
719,2024-03-07 13:00:00,8.0,1
720,2024-03-07 14:00:00,636.0,1
721,2024-03-07 15:00:00,120.0,1
722,2024-03-07 16:00:00,105.6,1
723,2024-03-07 17:00:00,71.2,1
724,2024-03-07 18:00:00,64.8,1
725,2024-03-07 19:00:00,75.2,1
726,2024-03-07 20:00:00,156.8,1
727,2024-03-07 21:00:00,8.8,1
728,2024-03-07 22:00:00,8.0,1
729,2024-03-07 23:00:00,8.0,1
730,2024-03-08 00:00:00,8.0,1
731,2024-03-08 01:00:00,0.0,1
732,2024-03-08 02:00:00,0.0,1
733,2024-03-08 03:00:00,0.0,1
734,2024-03-08 04:00:00,0.0,1
735,2024-03-08 05:00:00,0.0,1
736,2024-03-08 06:00:00,0.0,1
737,2024-03-08 07:00:00,0.0,1
738,2024-03-08 08:00:00,0.0,1
739,2024-03-08 09:00:00,4422.400000000001,1
740,2024-03-08 10:00:00,8.8,1
741,2024-03-08 11:00:00,8.0,1
742,2024-03-08 12:00:00,8.8,1
743,2024-03-08 13:00:00,8.0,1
744,2024-03-08 14:00:00,756.0,1
745,2024-03-08 15:00:00,89.60000000000001,1
746,2024-03-08 16:00:00,79.2,1
747,2024-03-08 17:00:00,112.0,1
748,2024-03-08 18:00:00,64.0,1
749,2024-03-08 19:00:00,76.80000000000001,1
750,2024-03-08 20:00:00,137.6,1
751,2024-03-08 21:00:00,8.0,1
752,2024-03-08 22:00:00,8.0,1
753,2024-03-08 23:00:00,8.0,1
754,2024-03-09 00:00:00,8.0,1
755,2024-03-09 01:00:00,0.0,1
756,2024-03-09 02:00:00,0.0,1
757,2024-03-09 03:00:00,0.0,1
758,2024-03-09 04:00:00,0.0,1
759,2024-03-09 05:00:00,0.0,1
760,2024-03-09 06:00:00,0.0,1
761,2024-03-09 07:00:00,0.0,1
762,2024-03-09 08:00:00,0.0,1
763,2024-03-09 09:00:00,0.0,1
764,2024-03-09 10:00:00,0.0,1
765,2024-03-09 11:00:00,0.0,1
766,2024-03-09 12:00:00,0.0,1
767,2024-03-09 13:00:00,0.0,1
768,2024-03-09 14:00:00,0.0,1
769,2024-03-09 15:00:00,0.0,1
770,2024-03-09 16:00:00,0.0,1
771,2024-03-09 17:00:00,0.0,1
772,2024-03-09 18:00:00,0.0,1
773,2024-03-09 19:00:00,0.0,1
774,2024-03-09 20:00:00,0.0,1
775,2024-03-09 21:00:00,0.0,1
776,2024-03-09 22:00:00,0.0,1
777,2024-03-09 23:00:00,0.0,1
778,2024-03-10 00:00:00,0.0,1
779,2024-03-10 01:00:00,0.0,1
780,2024-03-10 02:00:00,0.0,1
781,2024-03-10 03:00:00,0.0,1
782,2024-03-10 04:00:00,0.0,1
783,2024-03-10 05:00:00,0.0,1
784,2024-03-10 06:00:00,0.0,1
785,2024-03-10 07:00:00,0.0,1
786,2024-03-10 08:00:00,0.0,1
787,2024-03-10 09:00:00,0.0,1
788,2024-03-10 10:00:00,0.0,1
789,2024-03-10 11:00:00,0.0,1
790,2024-03-10 12:00:00,0.0,1
791,2024-03-10 13:00:00,0.0,1
792,2024-03-10 14:00:00,0.0,1
793,2024-03-10 15:00:00,0.0,1
794,2024-03-10 16:00:00,0.0,1
795,2024-03-10 17:00:00,0.0,1
796,2024-03-10 18:00:00,0.0,1
797,2024-03-10 19:00:00,0.0,1
798,2024-03-10 20:00:00,0.0,1
799,2024-03-10 21:00:00,0.0,1
800,2024-03-10 22:00:00,0.0,1
801,2024-03-10 23:00:00,0.0,1
802,2024-03-11 00:00:00,0.0,1
803,2024-03-11 01:00:00,0.0,1
804,2024-03-11 02:00:00,0.0,1
805,2024-03-11 03:00:00,0.0,1
806,2024-03-11 04:00:00,0.0,1
807,2024-03-11 05:00:00,0.0,1
808,2024-03-11 06:00:00,0.0,1
809,2024-03-11 07:00:00,0.0,1
810,2024-03-11 08:00:00,4418.400000000001,1
811,2024-03-11 09:00:00,8.8,1
812,2024-03-11 10:00:00,8.0,1
813,2024-03-11 11:00:00,8.0,1
814,2024-03-11 12:00:00,8.0,1
815,2024-03-11 13:00:00,1116.8,1
816,2024-03-11 14:00:00,75.2,1
817,2024-03-11 15:00:00,96.8,1
818,2024-03-11 16:00:00,96.8,1
819,2024-03-11 17:00:00,85.60000000000001,1
820,2024-03-11 18:00:00,73.60000000000001,1
821,2024-03-11 19:00:00,105.6,1
822,2024-03-11 20:00:00,8.0,1
823,2024-03-11 21:00:00,8.0,1
824,2024-03-11 22:00:00,8.0,1
825,2024-03-11 23:00:00,8.0,1
826,2024-03-12 00:00:00,0.0,1
827,2024-03-12 01:00:00,0.0,1
828,2024-03-12 02:00:00,0.0,1
829,2024-03-12 03:00:00,0.0,1
830,2024-03-12 04:00:00,0.0,1
831,2024-03-12 05:00:00,0.0,1
832,2024-03-12 06:00:00,0.0,1
833,2024-03-12 07:00:00,0.0,1
834,2024-03-12 08:00:00,4419.2,1
835,2024-03-12 09:00:00,10.4,1
836,2024-03-12 10:00:00,8.0,1
837,2024-03-12 11:00:00,8.0,1
838,2024-03-12 12:00:00,8.0,1
839,2024-03-12 13:00:00,660.8000000000001,1
840,2024-03-12 14:00:00,63.2,1
841,2024-03-12 15:00:00,96.8,1
842,2024-03-12 16:00:00,82.4,1
843,2024-03-12 17:00:00,54.400000000000006,1
844,2024-03-12 18:00:00,76.0,1
845,2024-03-12 19:00:00,146.4,1
846,2024-03-12 20:00:00,8.0,1
847,2024-03-12 21:00:00,8.0,1
848,2024-03-12 22:00:00,8.0,1
849,2024-03-12 23:00:00,8.0,1
850,2024-03-13 00:00:00,0.0,1
851,2024-03-13 01:00:00,0.0,1
852,2024-03-13 02:00:00,0.0,1
853,2024-03-13 03:00:00,0.0,1
854,2024-03-13 04:00:00,0.0,1
855,2024-03-13 05:00:00,0.0,1
856,2024-03-13 06:00:00,0.0,1
857,2024-03-13 07:00:00,0.0,1
858,2024-03-13 08:00:00,4420.0,1
859,2024-03-13 09:00:00,8.0,1
860,2024-03-13 10:00:00,8.0,1
861,2024-03-13 11:00:00,8.0,1
862,2024-03-13 12:00:00,8.0,1
863,2024-03-13 13:00:00,682.4000000000001,1
864,2024-03-13 14:00:00,76.80000000000001,1
865,2024-03-13 15:00:00,110.4,1
866,2024-03-13 16:00:00,108.8,1
867,2024-03-13 17:00:00,147.20000000000002,1
868,2024-03-13 18:00:00,129.6,1
869,2024-03-13 19:00:00,159.20000000000002,1
870,2024-03-13 20:00:00,8.0,1
871,2024-03-13 21:00:00,8.0,1
872,2024-03-13 22:00:00,8.0,1
873,2024-03-13 23:00:00,8.0,1
874,2024-03-14 00:00:00,0.0,1
875,2024-03-14 01:00:00,0.0,1
876,2024-03-14 02:00:00,0.0,1
877,2024-03-14 03:00:00,0.0,1
878,2024-03-14 04:00:00,0.0,1
879,2024-03-14 05:00:00,0.0,1
880,2024-03-14 06:00:00,0.0,1
881,2024-03-14 07:00:00,0.0,1
882,2024-03-14 08:00:00,4420.0,1
883,2024-03-14 09:00:00,9.6,1
884,2024-03-14 10:00:00,8.0,1
885,2024-03-14 11:00:00,8.0,1
886,2024-03-14 12:00:00,8.0,1
887,2024-03-14 13:00:00,712.0,1
888,2024-03-14 14:00:00,104.0,1
889,2024-03-14 15:00:00,84.80000000000001,1
890,2024-03-14 16:00:00,88.80000000000001,1
891,2024-03-14 17:00:00,74.4,1
892,2024-03-14 18:00:00,80.80000000000001,1
893,2024-03-14 19:00:00,165.60000000000002,1
894,2024-03-14 20:00:00,8.8,1
895,2024-03-14 21:00:00,8.0,1
896,2024-03-14 22:00:00,8.0,1
897,2024-03-14 23:00:00,8.0,1
898,2024-03-15 00:00:00,0.0,1
899,2024-03-15 01:00:00,0.0,1
900,2024-03-15 02:00:00,0.0,1
901,2024-03-15 03:00:00,0.0,1
902,2024-03-15 04:00:00,0.0,1
903,2024-03-15 05:00:00,0.0,1
904,2024-03-15 06:00:00,0.0,1
905,2024-03-15 07:00:00,0.0,1
906,2024-03-15 08:00:00,4416.8,1
907,2024-03-15 09:00:00,8.8,1
908,2024-03-15 10:00:00,8.0,1
909,2024-03-15 11:00:00,8.0,1
910,2024-03-15 12:00:00,8.0,1
911,2024-03-15 13:00:00,680.8000000000001,1
912,2024-03-15 14:00:00,97.6,1
913,2024-03-15 15:00:00,98.4,1
914,2024-03-15 16:00:00,97.6,1
915,2024-03-15 17:00:00,84.80000000000001,1
916,2024-03-15 18:00:00,84.0,1
917,2024-03-15 19:00:00,436.0,1
918,2024-03-15 20:00:00,8.0,1
919,2024-03-15 21:00:00,8.0,1
920,2024-03-15 22:00:00,8.0,1
921,2024-03-15 23:00:00,8.0,1
922,2024-03-16 00:00:00,0.0,1
923,2024-03-16 01:00:00,0.0,1
924,2024-03-16 02:00:00,0.0,1
925,2024-03-16 03:00:00,0.0,1
926,2024-03-16 04:00:00,0.0,1
927,2024-03-16 05:00:00,0.0,1
928,2024-03-16 06:00:00,0.0,1
929,2024-03-16 07:00:00,0.0,1
930,2024-03-16 08:00:00,0.0,1
931,2024-03-16 09:00:00,0.0,1
932,2024-03-16 10:00:00,0.0,1
933,2024-03-16 11:00:00,0.0,1
934,2024-03-16 12:00:00,0.0,1
935,2024-03-16 13:00:00,0.0,1
936,2024-03-16 14:00:00,0.0,1
937,2024-03-16 15:00:00,0.0,1
938,2024-03-16 16:00:00,0.0,1
939,2024-03-16 17:00:00,0.0,1
940,2024-03-16 18:00:00,0.0,1
941,2024-03-16 19:00:00,0.0,1
942,2024-03-16 20:00:00,0.0,1
943,2024-03-16 21:00:00,0.0,1
944,2024-03-16 22:00:00,0.0,1
945,2024-03-16 23:00:00,0.0,1
946,2024-03-17 00:00:00,0.0,1
947,2024-03-17 01:00:00,0.0,1
948,2024-03-17 02:00:00,0.0,1
949,2024-03-17 03:00:00,0.0,1
950,2024-03-17 04:00:00,0.0,1
951,2024-03-17 05:00:00,0.0,1
952,2024-03-17 06:00:00,0.0,1
953,2024-03-17 07:00:00,0.0,1
954,2024-03-17 08:00:00,0.0,1
955,2024-03-17 09:00:00,0.0,1
956,2024-03-17 10:00:00,0.0,1
957,2024-03-17 11:00:00,0.0,1
958,2024-03-17 12:00:00,0.0,1
959,2024-03-17 13:00:00,0.0,1
960,2024-03-17 14:00:00,0.0,1
961,2024-03-17 15:00:00,0.0,1
962,2024-03-17 16:00:00,0.0,1
963,2024-03-17 17:00:00,0.0,1
964,2024-03-17 18:00:00,0.0,1
965,2024-03-17 19:00:00,0.0,1
966,2024-03-17 20:00:00,0.0,1
967,2024-03-17 21:00:00,0.0,1
968,2024-03-17 22:00:00,0.0,1
969,2024-03-17 23:00:00,0.0,1
970,2024-03-18 00:00:00,0.0,1
971,2024-03-18 01:00:00,0.0,1
972,2024-03-18 02:00:00,0.0,1
973,2024-03-18 03:00:00,0.0,1
974,2024-03-18 04:00:00,0.0,1
975,2024-03-18 05:00:00,0.0,1
976,2024-03-18 06:00:00,0.0,1
977,2024-03-18 07:00:00,0.0,1
978,2024-03-18 08:00:00,4416.8,1
979,2024-03-18 09:00:00,8.0,1
980,2024-03-18 10:00:00,8.0,1
981,2024-03-18 11:00:00,8.0,1
982,2024-03-18 12:00:00,8.0,1
983,2024-03-18 13:00:00,1199.2,1
984,2024-03-18 14:00:00,76.80000000000001,1
985,2024-03-18 15:00:00,82.4,1
986,2024-03-18 16:00:00,70.4,1
987,2024-03-18 17:00:00,70.4,1
988,2024-03-18 18:00:00,72.8,1
989,2024-03-18 19:00:00,222.4,1
990,2024-03-18 20:00:00,8.8,1
991,2024-03-18 21:00:00,8.0,1
992,2024-03-18 22:00:00,8.0,1
993,2024-03-18 23:00:00,8.0,1
994,2024-03-19 00:00:00,0.0,1
995,2024-03-19 01:00:00,0.0,1
996,2024-03-19 02:00:00,0.0,1
997,2024-03-19 03:00:00,0.0,1
998,2024-03-19 04:00:00,0.0,1
999,2024-03-19 05:00:00,0.0,1
1000,2024-03-19 06:00:00,0.0,1
1001,2024-03-19 07:00:00,0.0,1
1002,2024-03-19 08:00:00,4414.400000000001,1
1003,2024-03-19 09:00:00,9.6,1
1004,2024-03-19 10:00:00,8.0,1
1005,2024-03-19 11:00:00,8.0,1
1006,2024-03-19 12:00:00,8.0,1
1007,2024-03-19 13:00:00,646.4000000000001,1
1008,2024-03-19 14:00:00,70.4,1
1009,2024-03-19 15:00:00,104.0,1
1010,2024-03-19 16:00:00,72.8,1
1011,2024-03-19 17:00:00,148.0,1
1012,2024-03-19 18:00:00,63.2,1
1013,2024-03-19 19:00:00,125.6,1
1014,2024-03-19 20:00:00,8.0,1
1015,2024-03-19 21:00:00,8.0,1
1016,2024-03-19 22:00:00,8.0,1
1017,2024-03-19 23:00:00,8.0,1
1018,2024-03-20 00:00:00,0.0,1
1019,2024-03-20 01:00:00,0.0,1
1020,2024-03-20 02:00:00,0.0,1
1021,2024-03-20 03:00:00,0.0,1
1022,2024-03-20 04:00:00,0.0,1
1023,2024-03-20 05:00:00,0.0,1
1024,2024-03-20 06:00:00,0.0,1
1025,2024-03-20 07:00:00,0.0,1
1026,2024-03-20 08:00:00,4414.400000000001,1
1027,2024-03-20 09:00:00,8.8,1
1028,2024-03-20 10:00:00,8.0,1
1029,2024-03-20 11:00:00,8.0,1
1030,2024-03-20 12:00:00,8.0,1
1031,2024-03-20 13:00:00,588.8000000000001,1
1032,2024-03-20 14:00:00,61.6,1
1033,2024-03-20 15:00:00,63.2,1
1034,2024-03-20 16:00:00,66.4,1
1035,2024-03-20 17:00:00,80.80000000000001,1
1036,2024-03-20 18:00:00,116.0,1
1037,2024-03-20 19:00:00,176.8,1
1038,2024-03-20 20:00:00,8.0,1
1039,2024-03-20 21:00:00,8.0,1
1040,2024-03-20 22:00:00,8.0,1
1041,2024-03-20 23:00:00,8.0,1
1042,2024-03-21 00:00:00,0.0,1
1043,2024-03-21 01:00:00,0.0,1
1044,2024-03-21 02:00:00,0.0,1
1045,2024-03-21 03:00:00,0.0,1
1046,2024-03-21 04:00:00,0.0,1
1047,2024-03-21 05:00:00,0.0,1
1048,2024-03-21 06:00:00,0.0,1
1049,2024-03-21 07:00:00,0.0,1
1050,2024-03-21 08:00:00,4414.400000000001,1
1051,2024-03-21 09:00:00,8.8,1
1052,2024-03-21 10:00:00,8.0,1
1053,2024-03-21 11:00:00,8.0,1
1054,2024-03-21 12:00:00,8.0,1
1055,2024-03-21 13:00:00,701.6,1
1056,2024-03-21 14:00:00,97.6,1
1057,2024-03-21 15:00:00,72.0,1
1058,2024-03-21 16:00:00,61.6,1
1059,2024-03-21 17:00:00,66.4,1
1060,2024-03-21 18:00:00,75.2,1
1061,2024-03-21 19:00:00,293.6,1
1062,2024-03-21 20:00:00,8.0,1
1063,2024-03-21 21:00:00,8.0,1
1064,2024-03-21 22:00:00,8.0,1
1065,2024-03-21 23:00:00,8.0,1
1066,2024-03-22 00:00:00,0.0,1
1067,2024-03-22 01:00:00,0.0,1
1068,2024-03-22 02:00:00,0.0,1
1069,2024-03-22 03:00:00,0.0,1
1070,2024-03-22 04:00:00,0.0,1
1071,2024-03-22 05:00:00,0.0,1
1072,2024-03-22 06:00:00,0.0,1
1073,2024-03-22 07:00:00,0.0,1
1074,2024-03-22 08:00:00,4414.400000000001,1
1075,2024-03-22 09:00:00,10.4,1
1076,2024-03-22 10:00:00,8.0,1
1077,2024-03-22 11:00:00,8.0,1
1078,2024-03-22 12:00:00,8.0,1
1079,2024-03-22 13:00:00,641.6,1
1080,2024-03-22 14:00:00,84.0,1
1081,2024-03-22 15:00:00,104.0,1
1082,2024-03-22 16:00:00,91.2,1
1083,2024-03-22 17:00:00,60.8,1
1084,2024-03-22 18:00:00,62.400000000000006,1
1085,2024-03-22 19:00:00,164.0,1
1086,2024-03-22 20:00:00,8.0,1
1087,2024-03-22 21:00:00,8.0,1
1088,2024-03-22 22:00:00,8.0,1
1089,2024-03-22 23:00:00,8.0,1
1090,2024-03-23 00:00:00,0.0,1
1091,2024-03-23 01:00:00,0.0,1
1092,2024-03-23 02:00:00,0.0,1
1093,2024-03-23 03:00:00,0.0,1
1094,2024-03-23 04:00:00,0.0,1
1095,2024-03-23 05:00:00,0.0,1
1096,2024-03-23 06:00:00,0.0,1
1097,2024-03-23 07:00:00,0.0,1
1098,2024-03-23 08:00:00,0.0,1
1099,2024-03-23 09:00:00,0.0,1
1100,2024-03-23 10:00:00,0.0,1
1101,2024-03-23 11:00:00,0.0,1
1102,2024-03-23 12:00:00,0.0,1
1103,2024-03-23 13:00:00,0.0,1
1104,2024-03-23 14:00:00,0.0,1
1105,2024-03-23 15:00:00,0.0,1
1106,2024-03-23 16:00:00,0.0,1
1107,2024-03-23 17:00:00,0.0,1
1108,2024-03-23 18:00:00,0.0,1
1109,2024-03-23 19:00:00,0.0,1
1110,2024-03-23 20:00:00,0.0,1
1111,2024-03-23 21:00:00,0.0,1
1112,2024-03-23 22:00:00,0.0,1
1113,2024-03-23 23:00:00,0.0,1
1114,2024-03-24 00:00:00,0.0,1
1115,2024-03-24 01:00:00,0.0,1
1116,2024-03-24 02:00:00,0.0,1
1117,2024-03-24 03:00:00,0.0,1
1118,2024-03-24 04:00:00,0.0,1
1119,2024-03-24 05:00:00,0.0,1
1120,2024-03-24 06:00:00,0.0,1
1121,2024-03-24 07:00:00,0.0,1
1122,2024-03-24 08:00:00,0.0,1
1123,2024-03-24 09:00:00,0.0,1
1124,2024-03-24 10:00:00,0.0,1
1125,2024-03-24 11:00:00,0.0,1
1126,2024-03-24 12:00:00,0.0,1
1127,2024-03-24 13:00:00,0.0,1
1128,2024-03-24 14:00:00,0.0,1
1129,2024-03-24 15:00:00,0.0,1
1130,2024-03-24 16:00:00,0.0,1
1131,2024-03-24 17:00:00,0.0,1
1132,2024-03-24 18:00:00,0.0,1
1133,2024-03-24 19:00:00,0.0,1
1134,2024-03-24 20:00:00,0.0,1
1135,2024-03-24 21:00:00,0.0,1
1136,2024-03-24 22:00:00,0.0,1
1137,2024-03-24 23:00:00,0.0,1
1138,2024-03-25 00:00:00,0.0,1
1139,2024-03-25 01:00:00,0.0,1
1140,2024-03-25 02:00:00,0.0,1
1141,2024-03-25 03:00:00,0.0,1
1142,2024-03-25 04:00:00,0.0,1
1143,2024-03-25 05:00:00,0.0,1
1144,2024-03-25 06:00:00,0.0,1
1145,2024-03-25 07:00:00,0.0,1
1146,2024-03-25 08:00:00,4404.0,1
1147,2024-03-25 09:00:00,8.8,1
1148,2024-03-25 10:00:00,9.6,1
1149,2024-03-25 11:00:00,8.8,1
1150,2024-03-25 12:00:00,8.0,1
1151,2024-03-25 13:00:00,1326.4,1
1152,2024-03-25 14:00:00,84.80000000000001,1
1153,2024-03-25 15:00:00,69.60000000000001,1
1154,2024-03-25 16:00:00,72.8,1
1155,2024-03-25 17:00:00,81.60000000000001,1
1156,2024-03-25 18:00:00,74.4,1
1157,2024-03-25 19:00:00,224.8,1
1158,2024-03-25 20:00:00,8.0,1
1159,2024-03-25 21:00:00,8.0,1
1160,2024-03-25 22:00:00,8.0,1
1161,2024-03-25 23:00:00,8.0,1
1162,2024-03-26 00:00:00,0.0,1
1163,2024-03-26 01:00:00,0.0,1
1164,2024-03-26 02:00:00,0.0,1
1165,2024-03-26 03:00:00,0.0,1
1166,2024-03-26 04:00:00,0.0,1
1167,2024-03-26 05:00:00,0.0,1
1168,2024-03-26 06:00:00,0.0,1
1169,2024-03-26 07:00:00,0.0,1
1170,2024-03-26 08:00:00,4399.2,1
1171,2024-03-26 09:00:00,9.6,1
1172,2024-03-26 10:00:00,8.0,1
1173,2024-03-26 11:00:00,8.0,1
1174,2024-03-26 12:00:00,8.0,1
1175,2024-03-26 13:00:00,582.4,1
1176,2024-03-26 14:00:00,103.2,1
1177,2024-03-26 15:00:00,88.0,1
1178,2024-03-26 16:00:00,53.6,1
1179,2024-03-26 17:00:00,60.0,1
1180,2024-03-26 18:00:00,86.4,1
1181,2024-03-26 19:00:00,276.8,1
1182,2024-03-26 20:00:00,8.0,1
1183,2024-03-26 21:00:00,8.0,1
1184,2024-03-26 22:00:00,8.0,1
1185,2024-03-26 23:00:00,8.0,1
1186,2024-03-27 00:00:00,0.0,1
1187,2024-03-27 01:00:00,0.0,1
1188,2024-03-27 02:00:00,0.0,1
1189,2024-03-27 03:00:00,0.0,1
1190,2024-03-27 04:00:00,0.0,1
1191,2024-03-27 05:00:00,0.0,1
1192,2024-03-27 06:00:00,0.0,1
1193,2024-03-27 07:00:00,0.0,1
1194,2024-03-27 08:00:00,4399.2,1
1195,2024-03-27 09:00:00,8.8,1
1196,2024-03-27 10:00:00,8.8,1
1197,2024-03-27 11:00:00,8.0,1
1198,2024-03-27 12:00:00,11.2,1
1199,2024-03-27 13:00:00,567.2,1
1200,2024-03-27 14:00:00,85.60000000000001,1
1201,2024-03-27 15:00:00,65.60000000000001,1
1202,2024-03-27 16:00:00,104.0,1
1203,2024-03-27 17:00:00,81.60000000000001,1
1204,2024-03-27 18:00:00,96.0,1
1205,2024-03-27 19:00:00,182.4,1
1206,2024-03-27 20:00:00,8.8,1
1207,2024-03-27 21:00:00,8.0,1
1208,2024-03-27 22:00:00,8.0,1
1209,2024-03-27 23:00:00,8.0,1
1210,2024-03-28 00:00:00,0.0,1
1211,2024-03-28 01:00:00,0.0,1
1212,2024-03-28 02:00:00,0.0,1
1213,2024-03-28 03:00:00,0.0,1
1214,2024-03-28 04:00:00,0.0,1
1215,2024-03-28 05:00:00,0.0,1
1216,2024-03-28 06:00:00,0.0,1
1217,2024-03-28 07:00:00,0.0,1
1218,2024-03-28 08:00:00,4403.2,1
1219,2024-03-28 09:00:00,9.6,1
1220,2024-03-28 10:00:00,9.6,1
1221,2024-03-28 11:00:00,8.0,1
1222,2024-03-28 12:00:00,8.0,1
1223,2024-03-28 13:00:00,648.8000000000001,1
1224,2024-03-28 14:00:00,100.8,1
1225,2024-03-28 15:00:00,184.8,1
1226,2024-03-28 16:00:00,80.0,1
1227,2024-03-28 17:00:00,82.4,1
1228,2024-03-28 18:00:00,59.2,1
1229,2024-03-28 19:00:00,256.0,1
1230,2024-03-28 20:00:00,8.0,1
1231,2024-03-28 21:00:00,8.0,1
1232,2024-03-28 22:00:00,8.0,1
1233,2024-03-28 23:00:00,8.0,1
1234,2024-03-29 00:00:00,0.0,1
1235,2024-03-29 01:00:00,0.0,1
1236,2024-03-29 02:00:00,0.0,1
1237,2024-03-29 03:00:00,0.0,1
1238,2024-03-29 04:00:00,0.0,1
1239,2024-03-29 05:00:00,0.0,1
1240,2024-03-29 06:00:00,0.0,1
1241,2024-03-29 07:00:00,0.0,1
1242,2024-03-29 08:00:00,0.0,1
1243,2024-03-29 09:00:00,0.0,1
1244,2024-03-29 10:00:00,0.0,1
1245,2024-03-29 11:00:00,0.0,1
1246,2024-03-29 12:00:00,0.0,1
1247,2024-03-29 13:00:00,0.0,1
1248,2024-03-29 14:00:00,0.0,1
1249,2024-03-29 15:00:00,0.0,1
1250,2024-03-29 16:00:00,0.0,1
1251,2024-03-29 17:00:00,0.0,1
1252,2024-03-29 18:00:00,0.0,1
1253,2024-03-29 19:00:00,0.0,1
1254,2024-03-29 20:00:00,0.0,1
1255,2024-03-29 21:00:00,0.0,1
1256,2024-03-29 22:00:00,0.0,1
1257,2024-03-29 23:00:00,0.0,1
1258,2024-03-30 00:00:00,0.0,1
1259,2024-03-30 01:00:00,0.0,1
1260,2024-03-30 02:00:00,0.0,1
1261,2024-03-30 03:00:00,0.0,1
1262,2024-03-30 04:00:00,0.0,1
1263,2024-03-30 05:00:00,0.0,1
1264,2024-03-30 06:00:00,0.0,1
1265,2024-03-30 07:00:00,0.0,1
1266,2024-03-30 08:00:00,0.0,1
1267,2024-03-30 09:00:00,0.0,1
1268,2024-03-30 10:00:00,0.0,1
1269,2024-03-30 11:00:00,0.0,1
1270,2024-03-30 12:00:00,0.0,1
1271,2024-03-30 13:00:00,0.0,1
1272,2024-03-30 14:00:00,0.0,1
1273,2024-03-30 15:00:00,0.0,1
1274,2024-03-30 16:00:00,0.0,1
1275,2024-03-30 17:00:00,0.0,1
1276,2024-03-30 18:00:00,0.0,1
1277,2024-03-30 19:00:00,0.0,1
1278,2024-03-30 20:00:00,0.0,1
1279,2024-03-30 21:00:00,0.0,1
1280,2024-03-30 22:00:00,0.0,1
1281,2024-03-30 23:00:00,0.0,1
1282,2024-03-31 00:00:00,0.0,1
1283,2024-03-31 01:00:00,0.0,1
1284,2024-03-31 02:00:00,0.0,1
1285,2024-03-31 03:00:00,0.0,1
1286,2024-03-31 04:00:00,0.0,1
1287,2024-03-31 05:00:00,0.0,1
1288,2024-03-31 06:00:00,0.0,1
1289,2024-03-31 07:00:00,0.0,1
1290,2024-03-31 08:00:00,0.0,1
1291,2024-03-31 09:00:00,0.0,1
1292,2024-03-31 10:00:00,0.0,1
1293,2024-03-31 11:00:00,0.0,1
1294,2024-03-31 12:00:00,0.0,1
1295,2024-03-31 13:00:00,0.0,1
1296,2024-03-31 14:00:00,0.0,1
1297,2024-03-31 15:00:00,0.0,1
1298,2024-03-31 16:00:00,0.0,1
1299,2024-03-31 17:00:00,0.0,1
1300,2024-03-31 18:00:00,0.0,1
1301,2024-03-31 19:00:00,0.0,1
1302,2024-03-31 20:00:00,0.0,1
1303,2024-03-31 21:00:00,0.0,1
1304,2024-03-31 22:00:00,0.0,1
1305,2024-03-31 23:00:00,0.0,1
1306,2024-04-01 00:00:00,0.0,1
1307,2024-04-01 01:00:00,0.0,1
1308,2024-04-01 02:00:00,0.0,1
1309,2024-04-01 03:00:00,0.0,1
1310,2024-04-01 04:00:00,0.0,1
1311,2024-04-01 05:00:00,0.0,1
1312,2024-04-01 06:00:00,0.0,1
1313,2024-04-01 07:00:00,0.0,1
1314,2024-04-01 08:00:00,4402.400000000001,1
1315,2024-04-01 09:00:00,10.4,1
1316,2024-04-01 10:00:00,8.0,1
1317,2024-04-01 11:00:00,8.0,1
1318,2024-04-01 12:00:00,8.0,1
1319,2024-04-01 13:00:00,976.8,1
1320,2024-04-01 14:00:00,86.4,1
1321,2024-04-01 15:00:00,94.4,1
1322,2024-04-01 16:00:00,73.60000000000001,1
1323,2024-04-01 17:00:00,73.60000000000001,1
1324,2024-04-01 18:00:00,60.0,1
1325,2024-04-01 19:00:00,124.8,1
1326,2024-04-01 20:00:00,8.0,1
1327,2024-04-01 21:00:00,8.0,1
1328,2024-04-01 22:00:00,8.0,1
1329,2024-04-01 23:00:00,8.0,1
1330,2024-04-02 00:00:00,0.0,1
1331,2024-04-02 01:00:00,0.0,1
1332,2024-04-02 02:00:00,0.0,1
1333,2024-04-02 03:00:00,0.0,1
1334,2024-04-02 04:00:00,0.0,1
1335,2024-04-02 05:00:00,0.0,1
1336,2024-04-02 06:00:00,0.0,1
1337,2024-04-02 07:00:00,0.0,1
1338,2024-04-02 08:00:00,4397.6,1
1339,2024-04-02 09:00:00,10.4,1
1340,2024-04-02 10:00:00,8.0,1
1341,2024-04-02 11:00:00,8.0,1
1342,2024-04-02 12:00:00,8.8,1
1343,2024-04-02 13:00:00,865.6,1
1344,2024-04-02 14:00:00,106.4,1
1345,2024-04-02 15:00:00,91.2,1
1346,2024-04-02 16:00:00,60.0,1
1347,2024-04-02 17:00:00,75.2,1
1348,2024-04-02 18:00:00,110.4,1
1349,2024-04-02 19:00:00,164.8,1
1350,2024-04-02 20:00:00,8.0,1
1351,2024-04-02 21:00:00,8.0,1
1352,2024-04-02 22:00:00,8.0,1
1353,2024-04-02 23:00:00,8.0,1
1354,2024-04-03 00:00:00,0.0,1
1355,2024-04-03 01:00:00,0.0,1
1356,2024-04-03 02:00:00,0.0,1
1357,2024-04-03 03:00:00,0.0,1
1358,2024-04-03 04:00:00,0.0,1
1359,2024-04-03 05:00:00,0.0,1
1360,2024-04-03 06:00:00,0.0,1
1361,2024-04-03 07:00:00,0.0,1
1362,2024-04-03 08:00:00,4396.8,1
1363,2024-04-03 09:00:00,10.4,1
1364,2024-04-03 10:00:00,8.0,1
1365,2024-04-03 11:00:00,10.4,1
1366,2024-04-03 12:00:00,8.0,1
1367,2024-04-03 13:00:00,637.6,1
1368,2024-04-03 14:00:00,99.2,1
1369,2024-04-03 15:00:00,89.60000000000001,1
1370,2024-04-03 16:00:00,89.60000000000001,1
1371,2024-04-03 17:00:00,73.60000000000001,1
1372,2024-04-03 18:00:00,69.60000000000001,1
1373,2024-04-03 19:00:00,176.0,1
1374,2024-04-03 20:00:00,8.0,1
1375,2024-04-03 21:00:00,8.0,1
1376,2024-04-03 22:00:00,8.0,1
1377,2024-04-03 23:00:00,8.0,1
1378,2024-04-04 00:00:00,0.0,1
1379,2024-04-04 01:00:00,0.0,1
1380,2024-04-04 02:00:00,0.0,1
1381,2024-04-04 03:00:00,0.0,1
1382,2024-04-04 04:00:00,0.0,1
1383,2024-04-04 05:00:00,0.0,1
1384,2024-04-04 06:00:00,0.0,1
1385,2024-04-04 07:00:00,0.0,1
1386,2024-04-04 08:00:00,4396.8,1
1387,2024-04-04 09:00:00,9.6,1
1388,2024-04-04 10:00:00,8.0,1
1389,2024-04-04 11:00:00,8.0,1
1390,2024-04-04 12:00:00,8.0,1
1391,2024-04-04 13:00:00,640.8000000000001,1
1392,2024-04-04 14:00:00,100.0,1
1393,2024-04-04 15:00:00,106.4,1
1394,2024-04-04 16:00:00,118.4,1
1395,2024-04-04 17:00:00,104.8,1
1396,2024-04-04 18:00:00,141.6,1
1397,2024-04-04 19:00:00,218.4,1
1398,2024-04-04 20:00:00,8.0,1
1399,2024-04-04 21:00:00,8.0,1
1400,2024-04-04 22:00:00,8.0,1
1401,2024-04-04 23:00:00,8.0,1
1402,2024-04-05 00:00:00,0.0,1
1403,2024-04-05 01:00:00,0.0,1
1404,2024-04-05 02:00:00,0.0,1
1405,2024-04-05 03:00:00,0.0,1
1406,2024-04-05 04:00:00,0.0,1
1407,2024-04-05 05:00:00,0.0,1
1408,2024-04-05 06:00:00,0.0,1
1409,2024-04-05 07:00:00,0.0,1
1410,2024-04-05 08:00:00,4396.8,1
1411,2024-04-05 09:00:00,8.8,1
1412,2024-04-05 10:00:00,8.0,1
1413,2024-04-05 11:00:00,8.0,1
1414,2024-04-05 12:00:00,8.0,1
1415,2024-04-05 13:00:00,609.6,1
1416,2024-04-05 14:00:00,125.6,1
1417,2024-04-05 15:00:00,93.6,1
1418,2024-04-05 16:00:00,96.8,1
1419,2024-04-05 17:00:00,107.2,1
1420,2024-04-05 18:00:00,68.0,1
1421,2024-04-05 19:00:00,178.4,1
1422,2024-04-05 20:00:00,8.0,1
1423,2024-04-05 21:00:00,8.0,1
1424,2024-04-05 22:00:00,8.0,1
1425,2024-04-05 23:00:00,8.0,1
1426,2024-04-06 00:00:00,0.0,1
1427,2024-04-06 01:00:00,0.0,1
1428,2024-04-06 02:00:00,0.0,1
1429,2024-04-06 03:00:00,0.0,1
1430,2024-04-06 04:00:00,0.0,1
1431,2024-04-06 05:00:00,0.0,1
1432,2024-04-06 06:00:00,0.0,1
1433,2024-04-06 07:00:00,0.0,1
1434,2024-04-06 08:00:00,0.0,1
1435,2024-04-06 09:00:00,0.0,1
1436,2024-04-06 10:00:00,0.0,1
1437,2024-04-06 11:00:00,0.0,1
1438,2024-04-06 12:00:00,0.0,1
1439,2024-04-06 13:00:00,0.0,1
1440,2024-04-06 14:00:00,0.0,1
1441,2024-04-06 15:00:00,0.0,1
1442,2024-04-06 16:00:00,0.0,1
1443,2024-04-06 17:00:00,0.0,1
1444,2024-04-06 18:00:00,0.0,1
1445,2024-04-06 19:00:00,0.0,1
1446,2024-04-06 20:00:00,0.0,1
1447,2024-04-06 21:00:00,0.0,1
1448,2024-04-06 22:00:00,0.0,1
1449,2024-04-06 23:00:00,0.0,1
1450,2024-04-07 00:00:00,0.0,1
1451,2024-04-07 01:00:00,0.0,1
1452,2024-04-07 02:00:00,0.0,1
1453,2024-04-07 03:00:00,0.0,1
1454,2024-04-07 04:00:00,0.0,1
1455,2024-04-07 05:00:00,0.0,1
1456,2024-04-07 06:00:00,0.0,1
1457,2024-04-07 07:00:00,0.0,1
1458,2024-04-07 08:00:00,0.0,1
1459,2024-04-07 09:00:00,0.0,1
1460,2024-04-07 10:00:00,0.0,1
1461,2024-04-07 11:00:00,0.0,1
1462,2024-04-07 12:00:00,0.0,1
1463,2024-04-07 13:00:00,0.0,1
1464,2024-04-07 14:00:00,0.0,1
1465,2024-04-07 15:00:00,0.0,1
1466,2024-04-07 16:00:00,0.0,1
1467,2024-04-07 17:00:00,0.0,1
1468,2024-04-07 18:00:00,0.0,1
1469,2024-04-07 19:00:00,0.0,1
1470,2024-04-07 20:00:00,0.0,1
1471,2024-04-07 21:00:00,0.0,1
1472,2024-04-07 22:00:00,0.0,1
1473,2024-04-07 23:00:00,0.0,1
1474,2024-04-08 00:00:00,0.0,1
1475,2024-04-08 01:00:00,0.0,1
1476,2024-04-08 02:00:00,0.0,1
1477,2024-04-08 03:00:00,0.0,1
1478,2024-04-08 04:00:00,0.0,1
1479,2024-04-08 05:00:00,0.0,1
1480,2024-04-08 06:00:00,0.0,1
1481,2024-04-08 07:00:00,0.0,1
1482,2024-04-08 08:00:00,4388.8,1
1483,2024-04-08 09:00:00,8.0,1
1484,2024-04-08 10:00:00,9.6,1
1485,2024-04-08 11:00:00,8.0,1
1486,2024-04-08 12:00:00,8.8,1
1487,2024-04-08 13:00:00,875.2,1
1488,2024-04-08 14:00:00,81.60000000000001,1
1489,2024-04-08 15:00:00,106.4,1
1490,2024-04-08 16:00:00,83.2,1
1491,2024-04-08 17:00:00,57.6,1
1492,2024-04-08 18:00:00,89.60000000000001,1
1493,2024-04-08 19:00:00,151.20000000000002,1
1494,2024-04-08 20:00:00,8.0,1
1495,2024-04-08 21:00:00,8.0,1
1496,2024-04-08 22:00:00,8.0,1
1497,2024-04-08 23:00:00,8.0,1
1498,2024-04-09 00:00:00,0.0,1
1499,2024-04-09 01:00:00,0.0,1
1500,2024-04-09 02:00:00,0.0,1
1501,2024-04-09 03:00:00,0.0,1
1502,2024-04-09 04:00:00,0.0,1
1503,2024-04-09 05:00:00,0.0,1
1504,2024-04-09 06:00:00,0.0,1
1505,2024-04-09 07:00:00,0.0,1
1506,2024-04-09 08:00:00,4390.400000000001,1
1507,2024-04-09 09:00:00,8.0,1
1508,2024-04-09 10:00:00,8.0,1
1509,2024-04-09 11:00:00,8.0,1
1510,2024-04-09 12:00:00,8.0,1
1511,2024-04-09 13:00:00,571.2,1
1512,2024-04-09 14:00:00,140.8,1
1513,2024-04-09 15:00:00,109.6,1
1514,2024-04-09 16:00:00,79.2,1
1515,2024-04-09 17:00:00,100.8,1
1516,2024-04-09 18:00:00,76.80000000000001,1
1517,2024-04-09 19:00:00,123.2,1
1518,2024-04-09 20:00:00,8.0,1
1519,2024-04-09 21:00:00,8.0,1
1520,2024-04-09 22:00:00,8.0,1
1521,2024-04-09 23:00:00,8.0,1
1522,2024-04-10 00:00:00,0.0,1
1523,2024-04-10 01:00:00,0.0,1
1524,2024-04-10 02:00:00,0.0,1
1525,2024-04-10 03:00:00,0.0,1
1526,2024-04-10 04:00:00,0.0,1
1527,2024-04-10 05:00:00,0.0,1
1528,2024-04-10 06:00:00,0.0,1
1529,2024-04-10 07:00:00,0.0,1
1530,2024-04-10 08:00:00,4390.400000000001,1
1531,2024-04-10 09:00:00,9.6,1
1532,2024-04-10 10:00:00,8.8,1
1533,2024-04-10 11:00:00,8.0,1
1534,2024-04-10 12:00:00,8.0,1
1535,2024-04-10 13:00:00,708.8000000000001,1
1536,2024-04-10 14:00:00,142.4,1
1537,2024-04-10 15:00:00,82.4,1
1538,2024-04-10 16:00:00,80.0,1
1539,2024-04-10 17:00:00,177.60000000000002,1
1540,2024-04-10 18:00:00,100.8,1
1541,2024-04-10 19:00:00,130.4,1
1542,2024-04-10 20:00:00,8.0,1
1543,2024-04-10 21:00:00,8.0,1
1544,2024-04-10 22:00:00,8.0,1
1545,2024-04-10 23:00:00,8.0,1
1546,2024-04-11 00:00:00,0.0,1
1547,2024-04-11 01:00:00,0.0,1
1548,2024-04-11 02:00:00,0.0,1
1549,2024-04-11 03:00:00,0.0,1
1550,2024-04-11 04:00:00,0.0,1
1551,2024-04-11 05:00:00,0.0,1
1552,2024-04-11 06:00:00,0.0,1
1553,2024-04-11 07:00:00,0.0,1
1554,2024-04-11 08:00:00,4389.6,1
1555,2024-04-11 09:00:00,10.4,1
1556,2024-04-11 10:00:00,8.0,1
1557,2024-04-11 11:00:00,8.0,1
1558,2024-04-11 12:00:00,8.0,1
1559,2024-04-11 13:00:00,546.4,1
1560,2024-04-11 14:00:00,164.0,1
1561,2024-04-11 15:00:00,83.2,1
1562,2024-04-11 16:00:00,95.2,1
1563,2024-04-11 17:00:00,132.8,1
1564,2024-04-11 18:00:00,106.4,1
1565,2024-04-11 19:00:00,152.8,1
1566,2024-04-11 20:00:00,8.0,1
1567,2024-04-11 21:00:00,8.0,1
1568,2024-04-11 22:00:00,8.0,1
1569,2024-04-11 23:00:00,8.0,1
1570,2024-04-12 00:00:00,0.0,1
1571,2024-04-12 01:00:00,0.0,1
1572,2024-04-12 02:00:00,0.0,1
1573,2024-04-12 03:00:00,0.0,1
1574,2024-04-12 04:00:00,0.0,1
1575,2024-04-12 05:00:00,0.0,1
1576,2024-04-12 06:00:00,0.0,1
1577,2024-04-12 07:00:00,0.0,1
1578,2024-04-12 08:00:00,4386.400000000001,1
1579,2024-04-12 09:00:00,10.4,1
1580,2024-04-12 10:00:00,8.0,1
1581,2024-04-12 11:00:00,8.0,1
1582,2024-04-12 12:00:00,8.0,1
1583,2024-04-12 13:00:00,784.8000000000001,1
1584,2024-04-12 14:00:00,106.4,1
1585,2024-04-12 15:00:00,91.2,1
1586,2024-04-12 16:00:00,131.20000000000002,1
1587,2024-04-12 17:00:00,88.80000000000001,1
1588,2024-04-12 18:00:00,123.2,1
1589,2024-04-12 19:00:00,212.8,1
1590,2024-04-12 20:00:00,8.0,1
1591,2024-04-12 21:00:00,8.0,1
1592,2024-04-12 22:00:00,8.0,1
1593,2024-04-12 23:00:00,8.0,1
1594,2024-04-13 00:00:00,0.0,1
1595,2024-04-13 01:00:00,0.0,1
1596,2024-04-13 02:00:00,0.0,1
1597,2024-04-13 03:00:00,0.0,1
1598,2024-04-13 04:00:00,0.0,1
1599,2024-04-13 05:00:00,0.0,1
1600,2024-04-13 06:00:00,0.0,1
1601,2024-04-13 07:00:00,0.0,1
1602,2024-04-13 08:00:00,0.0,1
1603,2024-04-13 09:00:00,0.0,1
1604,2024-04-13 10:00:00,0.0,1
1605,2024-04-13 11:00:00,0.0,1
1606,2024-04-13 12:00:00,0.0,1
1607,2024-04-13 13:00:00,0.0,1
1608,2024-04-13 14:00:00,0.0,1
1609,2024-04-13 15:00:00,0.0,1
1610,2024-04-13 16:00:00,0.0,1
1611,2024-04-13 17:00:00,0.0,1
1612,2024-04-13 18:00:00,0.0,1
1613,2024-04-13 19:00:00,0.0,1
1614,2024-04-13 20:00:00,0.0,1
1615,2024-04-13 21:00:00,0.0,1
1616,2024-04-13 22:00:00,0.0,1
1617,2024-04-13 23:00:00,0.0,1
1618,2024-04-14 00:00:00,0.0,1
1619,2024-04-14 01:00:00,0.0,1
1620,2024-04-14 02:00:00,0.0,1
1621,2024-04-14 03:00:00,0.0,1
1622,2024-04-14 04:00:00,0.0,1
1623,2024-04-14 05:00:00,0.0,1
1624,2024-04-14 06:00:00,0.0,1
1625,2024-04-14 07:00:00,0.0,1
1626,2024-04-14 08:00:00,0.0,1
1627,2024-04-14 09:00:00,0.0,1
1628,2024-04-14 10:00:00,0.0,1
1629,2024-04-14 11:00:00,0.0,1
1630,2024-04-14 12:00:00,0.0,1
1631,2024-04-14 13:00:00,0.0,1
1632,2024-04-14 14:00:00,0.0,1
1633,2024-04-14 15:00:00,0.0,1
1634,2024-04-14 16:00:00,0.0,1
1635,2024-04-14 17:00:00,0.0,1
1636,2024-04-14 18:00:00,0.0,1
1637,2024-04-14 19:00:00,0.0,1
1638,2024-04-14 20:00:00,0.0,1
1639,2024-04-14 21:00:00,0.0,1
1640,2024-04-14 22:00:00,0.0,1
1641,2024-04-14 23:00:00,0.0,1
1642,2024-04-15 00:00:00,0.0,1
1643,2024-04-15 01:00:00,0.0,1
1644,2024-04-15 02:00:00,0.0,1
1645,2024-04-15 03:00:00,0.0,1
1646,2024-04-15 04:00:00,0.0,1
1647,2024-04-15 05:00:00,0.0,1
1648,2024-04-15 06:00:00,0.0,1
1649,2024-04-15 07:00:00,0.0,1
1650,2024-04-15 08:00:00,4388.8,1
1651,2024-04-15 09:00:00,8.8,1
1652,2024-04-15 10:00:00,8.0,1
1653,2024-04-15 11:00:00,8.0,1
1654,2024-04-15 12:00:00,8.0,1
1655,2024-04-15 13:00:00,800.8000000000001,1
1656,2024-04-15 14:00:00,92.8,1
1657,2024-04-15 15:00:00,88.0,1
1658,2024-04-15 16:00:00,87.2,1
1659,2024-04-15 17:00:00,119.2,1
1660,2024-04-15 18:00:00,81.60000000000001,1
1661,2024-04-15 19:00:00,140.8,1
1662,2024-04-15 20:00:00,8.0,1
1663,2024-04-15 21:00:00,8.0,1
1664,2024-04-15 22:00:00,8.0,1
1665,2024-04-15 23:00:00,8.0,1
1666,2024-04-16 00:00:00,0.0,1
1667,2024-04-16 01:00:00,0.0,1
1668,2024-04-16 02:00:00,0.0,1
1669,2024-04-16 03:00:00,0.0,1
1670,2024-04-16 04:00:00,0.0,1
1671,2024-04-16 05:00:00,0.0,1
1672,2024-04-16 06:00:00,0.0,1
1673,2024-04-16 07:00:00,0.0,1
1674,2024-04-16 08:00:00,4388.8,1
1675,2024-04-16 09:00:00,8.8,1
1676,2024-04-16 10:00:00,8.0,1
1677,2024-04-16 11:00:00,8.0,1
1678,2024-04-16 12:00:00,8.8,1
1679,2024-04-16 13:00:00,787.2,1
1680,2024-04-16 14:00:00,129.6,1
1681,2024-04-16 15:00:00,74.4,1
1682,2024-04-16 16:00:00,88.80000000000001,1
1683,2024-04-16 17:00:00,232.0,1
1684,2024-04-16 18:00:00,106.4,1
1685,2024-04-16 19:00:00,144.0,1
1686,2024-04-16 20:00:00,8.0,1
1687,2024-04-16 21:00:00,8.0,1
1688,2024-04-16 22:00:00,8.0,1
1689,2024-04-16 23:00:00,8.0,1
1690,2024-04-17 00:00:00,0.0,1
1691,2024-04-17 01:00:00,0.0,1
1692,2024-04-17 02:00:00,0.0,1
1693,2024-04-17 03:00:00,0.0,1
1694,2024-04-17 04:00:00,0.0,1
1695,2024-04-17 05:00:00,0.0,1
1696,2024-04-17 06:00:00,0.0,1
1697,2024-04-17 07:00:00,0.0,1
1698,2024-04-17 08:00:00,4389.6,1
1699,2024-04-17 09:00:00,10.4,1
1700,2024-04-17 10:00:00,8.0,1
1701,2024-04-17 11:00:00,9.6,1
1702,2024-04-17 12:00:00,8.0,1
1703,2024-04-17 13:00:00,591.2,1
1704,2024-04-17 14:00:00,116.8,1
1705,2024-04-17 15:00:00,150.4,1
1706,2024-04-17 16:00:00,112.0,1
1707,2024-04-17 17:00:00,109.6,1
1708,2024-04-17 18:00:00,92.0,1
1709,2024-04-17 19:00:00,123.2,1
1710,2024-04-17 20:00:00,8.8,1
1711,2024-04-17 21:00:00,8.0,1
1712,2024-04-17 22:00:00,8.0,1
1713,2024-04-17 23:00:00,8.0,1
1714,2024-04-18 00:00:00,0.0,1
1715,2024-04-18 01:00:00,0.0,1
1716,2024-04-18 02:00:00,0.0,1
1717,2024-04-18 03:00:00,0.0,1
1718,2024-04-18 04:00:00,0.0,1
1719,2024-04-18 05:00:00,0.0,1
1720,2024-04-18 06:00:00,0.0,1
1721,2024-04-18 07:00:00,0.0,1
1722,2024-04-18 08:00:00,4393.6,1
1723,2024-04-18 09:00:00,11.2,1
1724,2024-04-18 10:00:00,8.0,1
1725,2024-04-18 11:00:00,8.0,1
1726,2024-04-18 12:00:00,8.8,1
1727,2024-04-18 13:00:00,532.0,1
1728,2024-04-18 14:00:00,68.8,1
1729,2024-04-18 15:00:00,83.2,1
1730,2024-04-18 16:00:00,86.4,1
1731,2024-04-18 17:00:00,128.8,1
1732,2024-04-18 18:00:00,92.0,1
1733,2024-04-18 19:00:00,152.8,1
1734,2024-04-18 20:00:00,8.0,1
1735,2024-04-18 21:00:00,8.0,1
1736,2024-04-18 22:00:00,8.0,1
1737,2024-04-18 23:00:00,8.0,1
1738,2024-04-19 00:00:00,0.0,1
1739,2024-04-19 01:00:00,0.0,1
1740,2024-04-19 02:00:00,0.0,1
1741,2024-04-19 03:00:00,0.0,1
1742,2024-04-19 04:00:00,0.0,1
1743,2024-04-19 05:00:00,0.0,1
1744,2024-04-19 06:00:00,0.0,1
1745,2024-04-19 07:00:00,0.0,1
1746,2024-04-19 08:00:00,4393.6,1
1747,2024-04-19 09:00:00,8.0,1
1748,2024-04-19 10:00:00,8.0,1
1749,2024-04-19 11:00:00,8.0,1
1750,2024-04-19 12:00:00,8.0,1
1751,2024-04-19 13:00:00,592.8000000000001,1
1752,2024-04-19 14:00:00,82.4,1
1753,2024-04-19 15:00:00,72.8,1
1754,2024-04-19 16:00:00,84.0,1
1755,2024-04-19 17:00:00,78.4,1
1756,2024-04-19 18:00:00,101.6,1
1757,2024-04-19 19:00:00,166.4,1
1758,2024-04-19 20:00:00,8.0,1
1759,2024-04-19 21:00:00,8.0,1
1760,2024-04-19 22:00:00,8.0,1
1761,2024-04-19 23:00:00,8.0,1
1762,2024-04-20 00:00:00,0.0,1
1763,2024-04-20 01:00:00,0.0,1
1764,2024-04-20 02:00:00,0.0,1
1765,2024-04-20 03:00:00,0.0,1
1766,2024-04-20 04:00:00,0.0,1
1767,2024-04-20 05:00:00,0.0,1
1768,2024-04-20 06:00:00,0.0,1
1769,2024-04-20 07:00:00,0.0,1
1770,2024-04-20 08:00:00,0.0,1
1771,2024-04-20 09:00:00,0.0,1
1772,2024-04-20 10:00:00,0.0,1
1773,2024-04-20 11:00:00,0.0,1
1774,2024-04-20 12:00:00,0.0,1
1775,2024-04-20 13:00:00,0.0,1
1776,2024-04-20 14:00:00,0.0,1
1777,2024-04-20 15:00:00,0.0,1
1778,2024-04-20 16:00:00,0.0,1
1779,2024-04-20 17:00:00,0.0,1
1780,2024-04-20 18:00:00,0.0,1
1781,2024-04-20 19:00:00,0.0,1
1782,2024-04-20 20:00:00,0.0,1
1783,2024-04-20 21:00:00,0.0,1
1784,2024-04-20 22:00:00,0.0,1
1785,2024-04-20 23:00:00,0.0,1
1786,2024-04-21 00:00:00,0.0,1
1787,2024-04-21 01:00:00,0.0,1
1788,2024-04-21 02:00:00,0.0,1
1789,2024-04-21 03:00:00,0.0,1
1790,2024-04-21 04:00:00,0.0,1
1791,2024-04-21 05:00:00,0.0,1
1792,2024-04-21 06:00:00,0.0,1
1793,2024-04-21 07:00:00,0.0,1
1794,2024-04-21 08:00:00,0.0,1
1795,2024-04-21 09:00:00,0.0,1
1796,2024-04-21 10:00:00,0.0,1
1797,2024-04-21 11:00:00,0.0,1
1798,2024-04-21 12:00:00,0.0,1
1799,2024-04-21 13:00:00,0.0,1
1800,2024-04-21 14:00:00,0.0,1
1801,2024-04-21 15:00:00,0.0,1
1802,2024-04-21 16:00:00,0.0,1
1803,2024-04-21 17:00:00,0.0,1
1804,2024-04-21 18:00:00,0.0,1
1805,2024-04-21 19:00:00,0.0,1
1806,2024-04-21 20:00:00,0.0,1
1807,2024-04-21 21:00:00,0.0,1
1808,2024-04-21 22:00:00,0.0,1
1809,2024-04-21 23:00:00,0.0,1
1810,2024-04-22 00:00:00,0.0,1
1811,2024-04-22 01:00:00,0.0,1
1812,2024-04-22 02:00:00,0.0,1
1813,2024-04-22 03:00:00,0.0,1
1814,2024-04-22 04:00:00,0.0,1
1815,2024-04-22 05:00:00,0.0,1
1816,2024-04-22 06:00:00,0.0,1
1817,2024-04-22 07:00:00,0.0,1
1818,2024-04-22 08:00:00,4392.8,1
1819,2024-04-22 09:00:00,9.6,1
1820,2024-04-22 10:00:00,8.0,1
1821,2024-04-22 11:00:00,8.0,1
1822,2024-04-22 12:00:00,8.0,1
1823,2024-04-22 13:00:00,903.2,1
1824,2024-04-22 14:00:00,65.60000000000001,1
1825,2024-04-22 15:00:00,64.0,1
1826,2024-04-22 16:00:00,69.60000000000001,1
1827,2024-04-22 17:00:00,72.8,1
1828,2024-04-22 18:00:00,84.80000000000001,1
1829,2024-04-22 19:00:00,145.6,1
1830,2024-04-22 20:00:00,8.0,1
1831,2024-04-22 21:00:00,8.0,1
1832,2024-04-22 22:00:00,8.0,1
1833,2024-04-22 23:00:00,8.0,1
1834,2024-04-23 00:00:00,0.0,1
1835,2024-04-23 01:00:00,0.0,1
1836,2024-04-23 02:00:00,0.0,1
1837,2024-04-23 03:00:00,0.0,1
1838,2024-04-23 04:00:00,0.0,1
1839,2024-04-23 05:00:00,0.0,1
1840,2024-04-23 06:00:00,0.0,1
1841,2024-04-23 07:00:00,0.0,1
1842,2024-04-23 08:00:00,4392.0,1
1843,2024-04-23 09:00:00,8.8,1
1844,2024-04-23 10:00:00,8.0,1
1845,2024-04-23 11:00:00,8.0,1
1846,2024-04-23 12:00:00,8.0,1
1847,2024-04-23 13:00:00,499.2000000000001,1
1848,2024-04-23 14:00:00,160.8,1
1849,2024-04-23 15:00:00,66.4,1
1850,2024-04-23 16:00:00,102.4,1
1851,2024-04-23 17:00:00,56.8,1
1852,2024-04-23 18:00:00,72.8,1
1853,2024-04-23 19:00:00,157.60000000000002,1
1854,2024-04-23 20:00:00,8.0,1
1855,2024-04-23 21:00:00,8.0,1
1856,2024-04-23 22:00:00,8.0,1
1857,2024-04-23 23:00:00,8.0,1
1858,2024-04-24 00:00:00,0.0,1
1859,2024-04-24 01:00:00,0.0,1
1860,2024-04-24 02:00:00,0.0,1
1861,2024-04-24 03:00:00,0.0,1
1862,2024-04-24 04:00:00,0.0,1
1863,2024-04-24 05:00:00,0.0,1
1864,2024-04-24 06:00:00,0.0,1
1865,2024-04-24 07:00:00,0.0,1
1866,2024-04-24 08:00:00,4402.400000000001,1
1867,2024-04-24 09:00:00,8.0,1
1868,2024-04-24 10:00:00,8.0,1
1869,2024-04-24 11:00:00,8.0,1
1870,2024-04-24 12:00:00,8.0,1
1871,2024-04-24 13:00:00,542.4,1
1872,2024-04-24 14:00:00,77.60000000000001,1
1873,2024-04-24 15:00:00,65.60000000000001,1
1874,2024-04-24 16:00:00,55.2,1
1875,2024-04-24 17:00:00,72.8,1
1876,2024-04-24 18:00:00,70.4,1
1877,2024-04-24 19:00:00,158.4,1
1878,2024-04-24 20:00:00,8.0,1
1879,2024-04-24 21:00:00,8.0,1
1880,2024-04-24 22:00:00,8.0,1
1881,2024-04-24 23:00:00,8.0,1
1882,2024-04-25 00:00:00,0.0,1
1883,2024-04-25 01:00:00,0.0,1
1884,2024-04-25 02:00:00,0.0,1
1885,2024-04-25 03:00:00,0.0,1
1886,2024-04-25 04:00:00,0.0,1
1887,2024-04-25 05:00:00,0.0,1
1888,2024-04-25 06:00:00,0.0,1
1889,2024-04-25 07:00:00,0.0,1
1890,2024-04-25 08:00:00,4402.400000000001,1
1891,2024-04-25 09:00:00,8.8,1
1892,2024-04-25 10:00:00,8.8,1
1893,2024-04-25 11:00:00,8.0,1
1894,2024-04-25 12:00:00,8.0,1
1895,2024-04-25 13:00:00,568.0,1
1896,2024-04-25 14:00:00,113.6,1
1897,2024-04-25 15:00:00,68.0,1
1898,2024-04-25 16:00:00,74.4,1
1899,2024-04-25 17:00:00,68.0,1
1900,2024-04-25 18:00:00,73.60000000000001,1
1901,2024-04-25 19:00:00,112.0,1
1902,2024-04-25 20:00:00,8.0,1
1903,2024-04-25 21:00:00,8.0,1
1904,2024-04-25 22:00:00,8.0,1
1905,2024-04-25 23:00:00,8.0,1
1906,2024-04-26 00:00:00,0.0,1
1907,2024-04-26 01:00:00,0.0,1
1908,2024-04-26 02:00:00,0.0,1
1909,2024-04-26 03:00:00,0.0,1
1910,2024-04-26 04:00:00,0.0,1
1911,2024-04-26 05:00:00,0.0,1
1912,2024-04-26 06:00:00,0.0,1
1913,2024-04-26 07:00:00,0.0,1
1914,2024-04-26 08:00:00,4401.6,1
1915,2024-04-26 09:00:00,9.6,1
1916,2024-04-26 10:00:00,8.0,1
1917,2024-04-26 11:00:00,8.0,1
1918,2024-04-26 12:00:00,8.8,1
1919,2024-04-26 13:00:00,551.2,1
1920,2024-04-26 14:00:00,88.80000000000001,1
1921,2024-04-26 15:00:00,101.6,1
1922,2024-04-26 16:00:00,59.2,1
1923,2024-04-26 17:00:00,88.0,1
1924,2024-04-26 18:00:00,80.0,1
1925,2024-04-26 19:00:00,112.8,1
1926,2024-04-26 20:00:00,8.0,1
1927,2024-04-26 21:00:00,8.0,1
1928,2024-04-26 22:00:00,8.0,1
1929,2024-04-26 23:00:00,8.0,1
1930,2024-04-27 00:00:00,0.0,1
1931,2024-04-27 01:00:00,0.0,1
1932,2024-04-27 02:00:00,0.0,1
1933,2024-04-27 03:00:00,0.0,1
1934,2024-04-27 04:00:00,0.0,1
1935,2024-04-27 05:00:00,0.0,1
1936,2024-04-27 06:00:00,0.0,1
1937,2024-04-27 07:00:00,0.0,1
1938,2024-04-27 08:00:00,0.0,1
1939,2024-04-27 09:00:00,0.0,1
1940,2024-04-27 10:00:00,0.0,1
1941,2024-04-27 11:00:00,0.0,1
1942,2024-04-27 12:00:00,0.0,1
1943,2024-04-27 13:00:00,0.0,1
1944,2024-04-27 14:00:00,0.0,1
1945,2024-04-27 15:00:00,0.0,1
1946,2024-04-27 16:00:00,0.0,1
1947,2024-04-27 17:00:00,0.0,1
1948,2024-04-27 18:00:00,0.0,1
1949,2024-04-27 19:00:00,0.0,1
1950,2024-04-27 20:00:00,0.0,1
1951,2024-04-27 21:00:00,0.0,1
1952,2024-04-27 22:00:00,0.0,1
1953,2024-04-27 23:00:00,0.0,1
1954,2024-04-28 00:00:00,0.0,1
1955,2024-04-28 01:00:00,0.0,1
1956,2024-04-28 02:00:00,0.0,1
1957,2024-04-28 03:00:00,0.0,1
1958,2024-04-28 04:00:00,0.0,1
1959,2024-04-28 05:00:00,0.0,1
1960,2024-04-28 06:00:00,0.0,1
1961,2024-04-28 07:00:00,0.0,1
1962,2024-04-28 08:00:00,0.0,1
1963,2024-04-28 09:00:00,0.0,1
1964,2024-04-28 10:00:00,0.0,1
1965,2024-04-28 11:00:00,0.0,1
1966,2024-04-28 12:00:00,0.0,1
1967,2024-04-28 13:00:00,0.0,1
1968,2024-04-28 14:00:00,0.0,1
1969,2024-04-28 15:00:00,0.0,1
1970,2024-04-28 16:00:00,0.0,1
1971,2024-04-28 17:00:00,0.0,1
1972,2024-04-28 18:00:00,0.0,1
1973,2024-04-28 19:00:00,0.0,1
1974,2024-04-28 20:00:00,0.0,1
1975,2024-04-28 21:00:00,0.0,1
1976,2024-04-28 22:00:00,0.0,1
1977,2024-04-28 23:00:00,0.0,1
1978,2024-04-29 00:00:00,0.0,1
1979,2024-04-29 01:00:00,0.0,1
1980,2024-04-29 02:00:00,0.0,1
1981,2024-04-29 03:00:00,0.0,1
1982,2024-04-29 04:00:00,0.0,1
1983,2024-04-29 05:00:00,0.0,1
1984,2024-04-29 06:00:00,0.0,1
1985,2024-04-29 07:00:00,0.0,1
1986,2024-04-29 08:00:00,4400.0,1
1987,2024-04-29 09:00:00,8.8,1
1988,2024-04-29 10:00:00,8.0,1
1989,2024-04-29 11:00:00,8.0,1
1990,2024-04-29 12:00:00,8.0,1
1991,2024-04-29 13:00:00,757.6,1
1992,2024-04-29 14:00:00,67.2,1
1993,2024-04-29 15:00:00,68.8,1
1994,2024-04-29 16:00:00,63.2,1
1995,2024-04-29 17:00:00,68.8,1
1996,2024-04-29 18:00:00,183.2,1
1997,2024-04-29 19:00:00,250.4,1
1998,2024-04-29 20:00:00,19.200000000000003,1
1999,2024-04-29 21:00:00,8.0,1
2000,2024-04-29 22:00:00,8.0,1
2001,2024-04-29 23:00:00,8.0,1
2002,2024-04-30 00:00:00,0.0,1
2003,2024-04-30 01:00:00,0.0,1
2004,2024-04-30 02:00:00,0.0,1
2005,2024-04-30 03:00:00,0.0,1
2006,2024-04-30 04:00:00,0.0,1
2007,2024-04-30 05:00:00,0.0,1
2008,2024-04-30 06:00:00,0.0,1
2009,2024-04-30 07:00:00,0.0,1
2010,2024-04-30 08:00:00,4400.8,1
2011,2024-04-30 09:00:00,8.8,1
2012,2024-04-30 10:00:00,8.0,1
2013,2024-04-30 11:00:00,8.0,1
2014,2024-04-30 12:00:00,8.0,1
2015,2024-04-30 13:00:00,565.6,1
2016,2024-04-30 14:00:00,83.2,1
2017,2024-04-30 15:00:00,148.0,1
2018,2024-04-30 16:00:00,68.0,1
2019,2024-04-30 17:00:00,86.4,1
2020,2024-04-30 18:00:00,108.0,1
2021,2024-04-30 19:00:00,389.6,1
2022,2024-04-30 20:00:00,8.0,1
2023,2024-04-30 21:00:00,8.0,1
2024,2024-04-30 22:00:00,8.0,1
2025,2024-04-30 23:00:00,8.0,1
2026,2024-05-01 00:00:00,0.0,1
2027,2024-05-01 01:00:00,0.0,1
2028,2024-05-01 02:00:00,0.0,1
2029,2024-05-01 03:00:00,0.0,1
2030,2024-05-01 04:00:00,0.0,1
2031,2024-05-01 05:00:00,0.0,1
2032,2024-05-01 06:00:00,0.0,1
2033,2024-05-01 07:00:00,0.0,1
2034,2024-05-01 08:00:00,4398.400000000001,1
2035,2024-05-01 09:00:00,10.4,1
2036,2024-05-01 10:00:00,8.8,1
2037,2024-05-01 11:00:00,8.0,1
2038,2024-05-01 12:00:00,8.0,1
2039,2024-05-01 13:00:00,706.4000000000001,1
2040,2024-05-01 14:00:00,80.0,1
2041,2024-05-01 15:00:00,56.8,1
2042,2024-05-01 16:00:00,95.2,1
2043,2024-05-01 17:00:00,70.4,1
2044,2024-05-01 18:00:00,105.6,1
2045,2024-05-01 19:00:00,122.4,1
2046,2024-05-01 20:00:00,8.0,1
2047,2024-05-01 21:00:00,8.0,1
2048,2024-05-01 22:00:00,8.0,1
2049,2024-05-01 23:00:00,8.0,1
2050,2024-05-02 00:00:00,0.0,1
2051,2024-05-02 01:00:00,0.0,1
2052,2024-05-02 02:00:00,0.0,1
2053,2024-05-02 03:00:00,0.0,1
2054,2024-05-02 04:00:00,0.0,1
2055,2024-05-02 05:00:00,0.0,1
2056,2024-05-02 06:00:00,0.0,1
2057,2024-05-02 07:00:00,0.0,1
2058,2024-05-02 08:00:00,4397.6,1
2059,2024-05-02 09:00:00,8.8,1
2060,2024-05-02 10:00:00,8.0,1
2061,2024-05-02 11:00:00,8.0,1
2062,2024-05-02 12:00:00,8.0,1
2063,2024-05-02 13:00:00,596.8000000000001,1
2064,2024-05-02 14:00:00,121.6,1
2065,2024-05-02 15:00:00,77.60000000000001,1
2066,2024-05-02 16:00:00,50.400000000000006,1
2067,2024-05-02 17:00:00,76.80000000000001,1
2068,2024-05-02 18:00:00,80.80000000000001,1
2069,2024-05-02 19:00:00,230.4,1
2070,2024-05-02 20:00:00,8.0,1
2071,2024-05-02 21:00:00,8.0,1
2072,2024-05-02 22:00:00,8.0,1
2073,2024-05-02 23:00:00,8.0,1
2074,2024-05-03 00:00:00,0.0,1
2075,2024-05-03 01:00:00,0.0,1
2076,2024-05-03 02:00:00,0.0,1
2077,2024-05-03 03:00:00,0.0,1
2078,2024-05-03 04:00:00,0.0,1
2079,2024-05-03 05:00:00,0.0,1
2080,2024-05-03 06:00:00,0.0,1
2081,2024-05-03 07:00:00,0.0,1
2082,2024-05-03 08:00:00,4396.0,1
2083,2024-05-03 09:00:00,8.8,1
2084,2024-05-03 10:00:00,8.0,1
2085,2024-05-03 11:00:00,8.0,1
2086,2024-05-03 12:00:00,8.0,1
2087,2024-05-03 13:00:00,598.4,1
2088,2024-05-03 14:00:00,201.6,1
2089,2024-05-03 15:00:00,68.0,1
2090,2024-05-03 16:00:00,55.2,1
2091,2024-05-03 17:00:00,58.400000000000006,1
2092,2024-05-03 18:00:00,85.60000000000001,1
2093,2024-05-03 19:00:00,128.8,1
2094,2024-05-03 20:00:00,8.0,1
2095,2024-05-03 21:00:00,8.0,1
2096,2024-05-03 22:00:00,8.0,1
2097,2024-05-03 23:00:00,8.0,1
2098,2024-05-04 00:00:00,0.0,1
2099,2024-05-04 01:00:00,0.0,1
2100,2024-05-04 02:00:00,0.0,1
2101,2024-05-04 03:00:00,0.0,1
2102,2024-05-04 04:00:00,0.0,1
2103,2024-05-04 05:00:00,0.0,1
2104,2024-05-04 06:00:00,0.0,1
2105,2024-05-04 07:00:00,0.0,1
2106,2024-05-04 08:00:00,0.0,1
2107,2024-05-04 09:00:00,0.0,1
2108,2024-05-04 10:00:00,0.0,1
2109,2024-05-04 11:00:00,0.0,1
2110,2024-05-04 12:00:00,0.0,1
2111,2024-05-04 13:00:00,0.0,1
2112,2024-05-04 14:00:00,0.0,1
2113,2024-05-04 15:00:00,0.0,1
2114,2024-05-04 16:00:00,0.0,1
2115,2024-05-04 17:00:00,0.0,1
2116,2024-05-04 18:00:00,0.0,1
2117,2024-05-04 19:00:00,0.0,1
2118,2024-05-04 20:00:00,0.0,1
2119,2024-05-04 21:00:00,0.0,1
2120,2024-05-04 22:00:00,0.0,1
2121,2024-05-04 23:00:00,0.0,1
2122,2024-05-05 00:00:00,0.0,1
2123,2024-05-05 01:00:00,0.0,1
2124,2024-05-05 02:00:00,0.0,1
2125,2024-05-05 03:00:00,0.0,1
2126,2024-05-05 04:00:00,0.0,1
2127,2024-05-05 05:00:00,0.0,1
2128,2024-05-05 06:00:00,0.0,1
2129,2024-05-05 07:00:00,0.0,1
2130,2024-05-05 08:00:00,0.0,1
2131,2024-05-05 09:00:00,0.0,1
2132,2024-05-05 10:00:00,0.0,1
2133,2024-05-05 11:00:00,0.0,1
2134,2024-05-05 12:00:00,0.0,1
2135,2024-05-05 13:00:00,0.0,1
2136,2024-05-05 14:00:00,0.0,1
2137,2024-05-05 15:00:00,0.0,1
2138,2024-05-05 16:00:00,0.0,1
2139,2024-05-05 17:00:00,0.0,1
2140,2024-05-05 18:00:00,0.0,1
2141,2024-05-05 19:00:00,0.0,1
2142,2024-05-05 20:00:00,0.0,1
2143,2024-05-05 21:00:00,0.0,1
2144,2024-05-05 22:00:00,0.0,1
2145,2024-05-05 23:00:00,0.0,1
2146,2024-05-06 00:00:00,0.0,1
2147,2024-05-06 01:00:00,0.0,1
2148,2024-05-06 02:00:00,0.0,1
2149,2024-05-06 03:00:00,0.0,1
2150,2024-05-06 04:00:00,0.0,1
2151,2024-05-06 05:00:00,0.0,1
2152,2024-05-06 06:00:00,0.0,1
2153,2024-05-06 07:00:00,0.0,1
2154,2024-05-06 08:00:00,4393.6,1
2155,2024-05-06 09:00:00,8.8,1
2156,2024-05-06 10:00:00,8.0,1
2157,2024-05-06 11:00:00,8.8,1
2158,2024-05-06 12:00:00,8.0,1
2159,2024-05-06 13:00:00,784.0,1
2160,2024-05-06 14:00:00,82.4,1
